==29430== Memcheck, a memory error detector
==29430== Copyright (C) 2002-2022, and GNU GPL'd, by Julian Seward et al.
==29430== Using Valgrind-3.22.0 and LibVEX; rerun with -h for copyright info
==29430== Command: ./main
==29430== Parent PID: 420
==29430== 
==29430== Conditional jump or move depends on uninitialised value(s)
==29430==    at 0x11ABD4: Session::handle_Read(boost::system::error_code const&, unsigned long, std::shared_ptr<Session>) (session_v6.cpp:25)
==29430==    by 0x1296EC: void std::__invoke_impl<void, void (Session::*&)(boost::system::error_code const&, unsigned long, std::shared_ptr<Session>), Session*&, boost::system::error_code const&, unsigned long const&, std::shared_ptr<Session>&>(std::__invoke_memfun_deref, void (Session::*&)(boost::system::error_code const&, unsigned long, std::shared_ptr<Session>), Session*&, boost::system::error_code const&, unsigned long const&, std::shared_ptr<Session>&) (invoke.h:74)
==29430==    by 0x1291A0: std::__invoke_result<void (Session::*&)(boost::system::error_code const&, unsigned long, std::shared_ptr<Session>), Session*&, boost::system::error_code const&, unsigned long const&, std::shared_ptr<Session>&>::type std::__invoke<void (Session::*&)(boost::system::error_code const&, unsigned long, std::shared_ptr<Session>), Session*&, boost::system::error_code const&, unsigned long const&, std::shared_ptr<Session>&>(void (Session::*&)(boost::system::error_code const&, unsigned long, std::shared_ptr<Session>), Session*&, boost::system::error_code const&, unsigned long const&, std::shared_ptr<Session>&) (invoke.h:96)
==29430==    by 0x128C36: void std::_Bind<void (Session::*(Session*, std::_Placeholder<1>, std::_Placeholder<2>, std::shared_ptr<Session>))(boost::system::error_code const&, unsigned long, std::shared_ptr<Session>)>::__call<void, boost::system::error_code const&, unsigned long const&, 0ul, 1ul, 2ul, 3ul>(std::tuple<boost::system::error_code const&, unsigned long const&>&&, std::_Index_tuple<0ul, 1ul, 2ul, 3ul>) (functional:506)
==29430==    by 0x128342: void std::_Bind<void (Session::*(Session*, std::_Placeholder<1>, std::_Placeholder<2>, std::shared_ptr<Session>))(boost::system::error_code const&, unsigned long, std::shared_ptr<Session>)>::operator()<boost::system::error_code const&, unsigned long const&, void>(boost::system::error_code const&, unsigned long const&) (functional:591)
==29430==    by 0x127D94: boost::asio::detail::binder2<std::_Bind<void (Session::*(Session*, std::_Placeholder<1>, std::_Placeholder<2>, std::shared_ptr<Session>))(boost::system::error_code const&, unsigned long, std::shared_ptr<Session>)>, boost::system::error_code, unsigned long>::operator()() (bind_handler.hpp:289)
==29430==    by 0x127718: void boost::asio::asio_handler_invoke<boost::asio::detail::binder2<std::_Bind<void (Session::*(Session*, std::_Placeholder<1>, std::_Placeholder<2>, std::shared_ptr<Session>))(boost::system::error_code const&, unsigned long, std::shared_ptr<Session>)>, boost::system::error_code, unsigned long> >(boost::asio::detail::binder2<std::_Bind<void (Session::*(Session*, std::_Placeholder<1>, std::_Placeholder<2>, std::shared_ptr<Session>))(boost::system::error_code const&, unsigned long, std::shared_ptr<Session>)>, boost::system::error_code, unsigned long>&, ...) (handler_invoke_hook.hpp:88)
==29430==    by 0x1272F7: void boost_asio_handler_invoke_helpers::invoke<boost::asio::detail::binder2<std::_Bind<void (Session::*(Session*, std::_Placeholder<1>, std::_Placeholder<2>, std::shared_ptr<Session>))(boost::system::error_code const&, unsigned long, std::shared_ptr<Session>)>, boost::system::error_code, unsigned long>, std::_Bind<void (Session::*(Session*, std::_Placeholder<1>, std::_Placeholder<2>, std::shared_ptr<Session>))(boost::system::error_code const&, unsigned long, std::shared_ptr<Session>)> >(boost::asio::detail::binder2<std::_Bind<void (Session::*(Session*, std::_Placeholder<1>, std::_Placeholder<2>, std::shared_ptr<Session>))(boost::system::error_code const&, unsigned long, std::shared_ptr<Session>)>, boost::system::error_code, unsigned long>&, std::_Bind<void (Session::*(Session*, std::_Placeholder<1>, std::_Placeholder<2>, std::shared_ptr<Session>))(boost::system::error_code const&, unsigned long, std::shared_ptr<Session>)>&) (handler_invoke_helpers.hpp:54)
==29430==    by 0x1269C5: void boost::asio::detail::handler_work<std::_Bind<void (Session::*(Session*, std::_Placeholder<1>, std::_Placeholder<2>, std::shared_ptr<Session>))(boost::system::error_code const&, unsigned long, std::shared_ptr<Session>)>, boost::asio::any_io_executor, void>::complete<boost::asio::detail::binder2<std::_Bind<void (Session::*(Session*, std::_Placeholder<1>, std::_Placeholder<2>, std::shared_ptr<Session>))(boost::system::error_code const&, unsigned long, std::shared_ptr<Session>)>, boost::system::error_code, unsigned long> >(boost::asio::detail::binder2<std::_Bind<void (Session::*(Session*, std::_Placeholder<1>, std::_Placeholder<2>, std::shared_ptr<Session>))(boost::system::error_code const&, unsigned long, std::shared_ptr<Session>)>, boost::system::error_code, unsigned long>&, std::_Bind<void (Session::*(Session*, std::_Placeholder<1>, std::_Placeholder<2>, std::shared_ptr<Session>))(boost::system::error_code const&, unsigned long, std::shared_ptr<Session>)>&) (handler_work.hpp:524)
==29430==    by 0x126004: boost::asio::detail::reactive_socket_recv_op<boost::asio::mutable_buffers_1, std::_Bind<void (Session::*(Session*, std::_Placeholder<1>, std::_Placeholder<2>, std::shared_ptr<Session>))(boost::system::error_code const&, unsigned long, std::shared_ptr<Session>)>, boost::asio::any_io_executor>::do_complete(void*, boost::asio::detail::scheduler_operation*, boost::system::error_code const&, unsigned long) (reactive_socket_recv_op.hpp:152)
==29430==    by 0x113D2D: boost::asio::detail::scheduler_operation::complete(void*, boost::system::error_code const&, unsigned long) (scheduler_operation.hpp:40)
==29430==    by 0x12BE96: boost::asio::detail::epoll_reactor::descriptor_state::do_complete(void*, boost::asio::detail::scheduler_operation*, boost::system::error_code const&, unsigned long) (epoll_reactor.ipp:815)
==29430==  Uninitialised value was created by a heap allocation
==29430==    at 0x4846FA3: operator new(unsigned long) (in /usr/libexec/valgrind/vgpreload_memcheck-amd64-linux.so)
==29430==    by 0x132E2B: std::__new_allocator<std::_Sp_counted_ptr_inplace<Msg_Node, std::allocator<void>, (__gnu_cxx::_Lock_policy)2> >::allocate(unsigned long, void const*) (new_allocator.h:151)
==29430==    by 0x13116B: allocate (alloc_traits.h:482)
==29430==    by 0x13116B: std::__allocated_ptr<std::allocator<std::_Sp_counted_ptr_inplace<Msg_Node, std::allocator<void>, (__gnu_cxx::_Lock_policy)2> > > std::__allocate_guarded<std::allocator<std::_Sp_counted_ptr_inplace<Msg_Node, std::allocator<void>, (__gnu_cxx::_Lock_policy)2> > >(std::allocator<std::_Sp_counted_ptr_inplace<Msg_Node, std::allocator<void>, (__gnu_cxx::_Lock_policy)2> >&) (allocated_ptr.h:98)
==29430==    by 0x1302E5: std::__shared_count<(__gnu_cxx::_Lock_policy)2>::__shared_count<Msg_Node, std::allocator<void>, int>(Msg_Node*&, std::_Sp_alloc_shared_tag<std::allocator<void> >, int&&) (shared_ptr_base.h:969)
==29430==    by 0x12F5E1: std::__shared_ptr<Msg_Node, (__gnu_cxx::_Lock_policy)2>::__shared_ptr<std::allocator<void>, int>(std::_Sp_alloc_shared_tag<std::allocator<void> >, int&&) (shared_ptr_base.h:1712)
==29430==    by 0x12EB66: std::shared_ptr<Msg_Node>::shared_ptr<std::allocator<void>, int>(std::_Sp_alloc_shared_tag<std::allocator<void> >, int&&) (shared_ptr.h:464)
==29430==    by 0x12DEB2: std::shared_ptr<std::enable_if<!std::is_array<Msg_Node>::value, Msg_Node>::type> std::make_shared<Msg_Node, int>(int&&) (shared_ptr.h:1010)
==29430==    by 0x12D517: Session::Session(boost::asio::io_context&, Server*) (session_v6.h:32)
==29430==    by 0x133BE6: void std::_Construct<Session, boost::asio::io_context&, Server*>(Session*, boost::asio::io_context&, Server*&&) (stl_construct.h:119)
==29430==    by 0x13165E: construct<Session, boost::asio::io_context&, Server*> (alloc_traits.h:661)
==29430==    by 0x13165E: std::_Sp_counted_ptr_inplace<Session, std::allocator<void>, (__gnu_cxx::_Lock_policy)2>::_Sp_counted_ptr_inplace<boost::asio::io_context&, Server*>(std::allocator<void>, boost::asio::io_context&, Server*&&) (shared_ptr_base.h:604)
==29430==    by 0x130787: std::__shared_count<(__gnu_cxx::_Lock_policy)2>::__shared_count<Session, std::allocator<void>, boost::asio::io_context&, Server*>(Session*&, std::_Sp_alloc_shared_tag<std::allocator<void> >, boost::asio::io_context&, Server*&&) (shared_ptr_base.h:971)
==29430==    by 0x12FC69: std::__shared_ptr<Session, (__gnu_cxx::_Lock_policy)2>::__shared_ptr<std::allocator<void>, boost::asio::io_context&, Server*>(std::_Sp_alloc_shared_tag<std::allocator<void> >, boost::asio::io_context&, Server*&&) (shared_ptr_base.h:1712)
==29430== 
==29430== Conditional jump or move depends on uninitialised value(s)
==29430==    at 0x4852D67: memmove (in /usr/libexec/valgrind/vgpreload_memcheck-amd64-linux.so)
==29430==    by 0x11ADFE: Session::handle_Read(boost::system::error_code const&, unsigned long, std::shared_ptr<Session>) (session_v6.cpp:39)
==29430==    by 0x1296EC: void std::__invoke_impl<void, void (Session::*&)(boost::system::error_code const&, unsigned long, std::shared_ptr<Session>), Session*&, boost::system::error_code const&, unsigned long const&, std::shared_ptr<Session>&>(std::__invoke_memfun_deref, void (Session::*&)(boost::system::error_code const&, unsigned long, std::shared_ptr<Session>), Session*&, boost::system::error_code const&, unsigned long const&, std::shared_ptr<Session>&) (invoke.h:74)
==29430==    by 0x1291A0: std::__invoke_result<void (Session::*&)(boost::system::error_code const&, unsigned long, std::shared_ptr<Session>), Session*&, boost::system::error_code const&, unsigned long const&, std::shared_ptr<Session>&>::type std::__invoke<void (Session::*&)(boost::system::error_code const&, unsigned long, std::shared_ptr<Session>), Session*&, boost::system::error_code const&, unsigned long const&, std::shared_ptr<Session>&>(void (Session::*&)(boost::system::error_code const&, unsigned long, std::shared_ptr<Session>), Session*&, boost::system::error_code const&, unsigned long const&, std::shared_ptr<Session>&) (invoke.h:96)
==29430==    by 0x128C36: void std::_Bind<void (Session::*(Session*, std::_Placeholder<1>, std::_Placeholder<2>, std::shared_ptr<Session>))(boost::system::error_code const&, unsigned long, std::shared_ptr<Session>)>::__call<void, boost::system::error_code const&, unsigned long const&, 0ul, 1ul, 2ul, 3ul>(std::tuple<boost::system::error_code const&, unsigned long const&>&&, std::_Index_tuple<0ul, 1ul, 2ul, 3ul>) (functional:506)
==29430==    by 0x128342: void std::_Bind<void (Session::*(Session*, std::_Placeholder<1>, std::_Placeholder<2>, std::shared_ptr<Session>))(boost::system::error_code const&, unsigned long, std::shared_ptr<Session>)>::operator()<boost::system::error_code const&, unsigned long const&, void>(boost::system::error_code const&, unsigned long const&) (functional:591)
==29430==    by 0x127D94: boost::asio::detail::binder2<std::_Bind<void (Session::*(Session*, std::_Placeholder<1>, std::_Placeholder<2>, std::shared_ptr<Session>))(boost::system::error_code const&, unsigned long, std::shared_ptr<Session>)>, boost::system::error_code, unsigned long>::operator()() (bind_handler.hpp:289)
==29430==    by 0x127718: void boost::asio::asio_handler_invoke<boost::asio::detail::binder2<std::_Bind<void (Session::*(Session*, std::_Placeholder<1>, std::_Placeholder<2>, std::shared_ptr<Session>))(boost::system::error_code const&, unsigned long, std::shared_ptr<Session>)>, boost::system::error_code, unsigned long> >(boost::asio::detail::binder2<std::_Bind<void (Session::*(Session*, std::_Placeholder<1>, std::_Placeholder<2>, std::shared_ptr<Session>))(boost::system::error_code const&, unsigned long, std::shared_ptr<Session>)>, boost::system::error_code, unsigned long>&, ...) (handler_invoke_hook.hpp:88)
==29430==    by 0x1272F7: void boost_asio_handler_invoke_helpers::invoke<boost::asio::detail::binder2<std::_Bind<void (Session::*(Session*, std::_Placeholder<1>, std::_Placeholder<2>, std::shared_ptr<Session>))(boost::system::error_code const&, unsigned long, std::shared_ptr<Session>)>, boost::system::error_code, unsigned long>, std::_Bind<void (Session::*(Session*, std::_Placeholder<1>, std::_Placeholder<2>, std::shared_ptr<Session>))(boost::system::error_code const&, unsigned long, std::shared_ptr<Session>)> >(boost::asio::detail::binder2<std::_Bind<void (Session::*(Session*, std::_Placeholder<1>, std::_Placeholder<2>, std::shared_ptr<Session>))(boost::system::error_code const&, unsigned long, std::shared_ptr<Session>)>, boost::system::error_code, unsigned long>&, std::_Bind<void (Session::*(Session*, std::_Placeholder<1>, std::_Placeholder<2>, std::shared_ptr<Session>))(boost::system::error_code const&, unsigned long, std::shared_ptr<Session>)>&) (handler_invoke_helpers.hpp:54)
==29430==    by 0x1269C5: void boost::asio::detail::handler_work<std::_Bind<void (Session::*(Session*, std::_Placeholder<1>, std::_Placeholder<2>, std::shared_ptr<Session>))(boost::system::error_code const&, unsigned long, std::shared_ptr<Session>)>, boost::asio::any_io_executor, void>::complete<boost::asio::detail::binder2<std::_Bind<void (Session::*(Session*, std::_Placeholder<1>, std::_Placeholder<2>, std::shared_ptr<Session>))(boost::system::error_code const&, unsigned long, std::shared_ptr<Session>)>, boost::system::error_code, unsigned long> >(boost::asio::detail::binder2<std::_Bind<void (Session::*(Session*, std::_Placeholder<1>, std::_Placeholder<2>, std::shared_ptr<Session>))(boost::system::error_code const&, unsigned long, std::shared_ptr<Session>)>, boost::system::error_code, unsigned long>&, std::_Bind<void (Session::*(Session*, std::_Placeholder<1>, std::_Placeholder<2>, std::shared_ptr<Session>))(boost::system::error_code const&, unsigned long, std::shared_ptr<Session>)>&) (handler_work.hpp:524)
==29430==    by 0x126004: boost::asio::detail::reactive_socket_recv_op<boost::asio::mutable_buffers_1, std::_Bind<void (Session::*(Session*, std::_Placeholder<1>, std::_Placeholder<2>, std::shared_ptr<Session>))(boost::system::error_code const&, unsigned long, std::shared_ptr<Session>)>, boost::asio::any_io_executor>::do_complete(void*, boost::asio::detail::scheduler_operation*, boost::system::error_code const&, unsigned long) (reactive_socket_recv_op.hpp:152)
==29430==    by 0x113D2D: boost::asio::detail::scheduler_operation::complete(void*, boost::system::error_code const&, unsigned long) (scheduler_operation.hpp:40)
==29430==  Uninitialised value was created by a heap allocation
==29430==    at 0x4846FA3: operator new(unsigned long) (in /usr/libexec/valgrind/vgpreload_memcheck-amd64-linux.so)
==29430==    by 0x132E2B: std::__new_allocator<std::_Sp_counted_ptr_inplace<Msg_Node, std::allocator<void>, (__gnu_cxx::_Lock_policy)2> >::allocate(unsigned long, void const*) (new_allocator.h:151)
==29430==    by 0x13116B: allocate (alloc_traits.h:482)
==29430==    by 0x13116B: std::__allocated_ptr<std::allocator<std::_Sp_counted_ptr_inplace<Msg_Node, std::allocator<void>, (__gnu_cxx::_Lock_policy)2> > > std::__allocate_guarded<std::allocator<std::_Sp_counted_ptr_inplace<Msg_Node, std::allocator<void>, (__gnu_cxx::_Lock_policy)2> > >(std::allocator<std::_Sp_counted_ptr_inplace<Msg_Node, std::allocator<void>, (__gnu_cxx::_Lock_policy)2> >&) (allocated_ptr.h:98)
==29430==    by 0x1302E5: std::__shared_count<(__gnu_cxx::_Lock_policy)2>::__shared_count<Msg_Node, std::allocator<void>, int>(Msg_Node*&, std::_Sp_alloc_shared_tag<std::allocator<void> >, int&&) (shared_ptr_base.h:969)
==29430==    by 0x12F5E1: std::__shared_ptr<Msg_Node, (__gnu_cxx::_Lock_policy)2>::__shared_ptr<std::allocator<void>, int>(std::_Sp_alloc_shared_tag<std::allocator<void> >, int&&) (shared_ptr_base.h:1712)
==29430==    by 0x12EB66: std::shared_ptr<Msg_Node>::shared_ptr<std::allocator<void>, int>(std::_Sp_alloc_shared_tag<std::allocator<void> >, int&&) (shared_ptr.h:464)
==29430==    by 0x12DEB2: std::shared_ptr<std::enable_if<!std::is_array<Msg_Node>::value, Msg_Node>::type> std::make_shared<Msg_Node, int>(int&&) (shared_ptr.h:1010)
==29430==    by 0x12D517: Session::Session(boost::asio::io_context&, Server*) (session_v6.h:32)
==29430==    by 0x133BE6: void std::_Construct<Session, boost::asio::io_context&, Server*>(Session*, boost::asio::io_context&, Server*&&) (stl_construct.h:119)
==29430==    by 0x13165E: construct<Session, boost::asio::io_context&, Server*> (alloc_traits.h:661)
==29430==    by 0x13165E: std::_Sp_counted_ptr_inplace<Session, std::allocator<void>, (__gnu_cxx::_Lock_policy)2>::_Sp_counted_ptr_inplace<boost::asio::io_context&, Server*>(std::allocator<void>, boost::asio::io_context&, Server*&&) (shared_ptr_base.h:604)
==29430==    by 0x130787: std::__shared_count<(__gnu_cxx::_Lock_policy)2>::__shared_count<Session, std::allocator<void>, boost::asio::io_context&, Server*>(Session*&, std::_Sp_alloc_shared_tag<std::allocator<void> >, boost::asio::io_context&, Server*&&) (shared_ptr_base.h:971)
==29430==    by 0x12FC69: std::__shared_ptr<Session, (__gnu_cxx::_Lock_policy)2>::__shared_ptr<std::allocator<void>, boost::asio::io_context&, Server*>(std::_Sp_alloc_shared_tag<std::allocator<void> >, boost::asio::io_context&, Server*&&) (shared_ptr_base.h:1712)
==29430== 
==29430== Conditional jump or move depends on uninitialised value(s)
==29430==    at 0x4852D7E: memmove (in /usr/libexec/valgrind/vgpreload_memcheck-amd64-linux.so)
==29430==    by 0x11ADFE: Session::handle_Read(boost::system::error_code const&, unsigned long, std::shared_ptr<Session>) (session_v6.cpp:39)
==29430==    by 0x1296EC: void std::__invoke_impl<void, void (Session::*&)(boost::system::error_code const&, unsigned long, std::shared_ptr<Session>), Session*&, boost::system::error_code const&, unsigned long const&, std::shared_ptr<Session>&>(std::__invoke_memfun_deref, void (Session::*&)(boost::system::error_code const&, unsigned long, std::shared_ptr<Session>), Session*&, boost::system::error_code const&, unsigned long const&, std::shared_ptr<Session>&) (invoke.h:74)
==29430==    by 0x1291A0: std::__invoke_result<void (Session::*&)(boost::system::error_code const&, unsigned long, std::shared_ptr<Session>), Session*&, boost::system::error_code const&, unsigned long const&, std::shared_ptr<Session>&>::type std::__invoke<void (Session::*&)(boost::system::error_code const&, unsigned long, std::shared_ptr<Session>), Session*&, boost::system::error_code const&, unsigned long const&, std::shared_ptr<Session>&>(void (Session::*&)(boost::system::error_code const&, unsigned long, std::shared_ptr<Session>), Session*&, boost::system::error_code const&, unsigned long const&, std::shared_ptr<Session>&) (invoke.h:96)
==29430==    by 0x128C36: void std::_Bind<void (Session::*(Session*, std::_Placeholder<1>, std::_Placeholder<2>, std::shared_ptr<Session>))(boost::system::error_code const&, unsigned long, std::shared_ptr<Session>)>::__call<void, boost::system::error_code const&, unsigned long const&, 0ul, 1ul, 2ul, 3ul>(std::tuple<boost::system::error_code const&, unsigned long const&>&&, std::_Index_tuple<0ul, 1ul, 2ul, 3ul>) (functional:506)
==29430==    by 0x128342: void std::_Bind<void (Session::*(Session*, std::_Placeholder<1>, std::_Placeholder<2>, std::shared_ptr<Session>))(boost::system::error_code const&, unsigned long, std::shared_ptr<Session>)>::operator()<boost::system::error_code const&, unsigned long const&, void>(boost::system::error_code const&, unsigned long const&) (functional:591)
==29430==    by 0x127D94: boost::asio::detail::binder2<std::_Bind<void (Session::*(Session*, std::_Placeholder<1>, std::_Placeholder<2>, std::shared_ptr<Session>))(boost::system::error_code const&, unsigned long, std::shared_ptr<Session>)>, boost::system::error_code, unsigned long>::operator()() (bind_handler.hpp:289)
==29430==    by 0x127718: void boost::asio::asio_handler_invoke<boost::asio::detail::binder2<std::_Bind<void (Session::*(Session*, std::_Placeholder<1>, std::_Placeholder<2>, std::shared_ptr<Session>))(boost::system::error_code const&, unsigned long, std::shared_ptr<Session>)>, boost::system::error_code, unsigned long> >(boost::asio::detail::binder2<std::_Bind<void (Session::*(Session*, std::_Placeholder<1>, std::_Placeholder<2>, std::shared_ptr<Session>))(boost::system::error_code const&, unsigned long, std::shared_ptr<Session>)>, boost::system::error_code, unsigned long>&, ...) (handler_invoke_hook.hpp:88)
==29430==    by 0x1272F7: void boost_asio_handler_invoke_helpers::invoke<boost::asio::detail::binder2<std::_Bind<void (Session::*(Session*, std::_Placeholder<1>, std::_Placeholder<2>, std::shared_ptr<Session>))(boost::system::error_code const&, unsigned long, std::shared_ptr<Session>)>, boost::system::error_code, unsigned long>, std::_Bind<void (Session::*(Session*, std::_Placeholder<1>, std::_Placeholder<2>, std::shared_ptr<Session>))(boost::system::error_code const&, unsigned long, std::shared_ptr<Session>)> >(boost::asio::detail::binder2<std::_Bind<void (Session::*(Session*, std::_Placeholder<1>, std::_Placeholder<2>, std::shared_ptr<Session>))(boost::system::error_code const&, unsigned long, std::shared_ptr<Session>)>, boost::system::error_code, unsigned long>&, std::_Bind<void (Session::*(Session*, std::_Placeholder<1>, std::_Placeholder<2>, std::shared_ptr<Session>))(boost::system::error_code const&, unsigned long, std::shared_ptr<Session>)>&) (handler_invoke_helpers.hpp:54)
==29430==    by 0x1269C5: void boost::asio::detail::handler_work<std::_Bind<void (Session::*(Session*, std::_Placeholder<1>, std::_Placeholder<2>, std::shared_ptr<Session>))(boost::system::error_code const&, unsigned long, std::shared_ptr<Session>)>, boost::asio::any_io_executor, void>::complete<boost::asio::detail::binder2<std::_Bind<void (Session::*(Session*, std::_Placeholder<1>, std::_Placeholder<2>, std::shared_ptr<Session>))(boost::system::error_code const&, unsigned long, std::shared_ptr<Session>)>, boost::system::error_code, unsigned long> >(boost::asio::detail::binder2<std::_Bind<void (Session::*(Session*, std::_Placeholder<1>, std::_Placeholder<2>, std::shared_ptr<Session>))(boost::system::error_code const&, unsigned long, std::shared_ptr<Session>)>, boost::system::error_code, unsigned long>&, std::_Bind<void (Session::*(Session*, std::_Placeholder<1>, std::_Placeholder<2>, std::shared_ptr<Session>))(boost::system::error_code const&, unsigned long, std::shared_ptr<Session>)>&) (handler_work.hpp:524)
==29430==    by 0x126004: boost::asio::detail::reactive_socket_recv_op<boost::asio::mutable_buffers_1, std::_Bind<void (Session::*(Session*, std::_Placeholder<1>, std::_Placeholder<2>, std::shared_ptr<Session>))(boost::system::error_code const&, unsigned long, std::shared_ptr<Session>)>, boost::asio::any_io_executor>::do_complete(void*, boost::asio::detail::scheduler_operation*, boost::system::error_code const&, unsigned long) (reactive_socket_recv_op.hpp:152)
==29430==    by 0x113D2D: boost::asio::detail::scheduler_operation::complete(void*, boost::system::error_code const&, unsigned long) (scheduler_operation.hpp:40)
==29430==  Uninitialised value was created by a heap allocation
==29430==    at 0x4846FA3: operator new(unsigned long) (in /usr/libexec/valgrind/vgpreload_memcheck-amd64-linux.so)
==29430==    by 0x132E2B: std::__new_allocator<std::_Sp_counted_ptr_inplace<Msg_Node, std::allocator<void>, (__gnu_cxx::_Lock_policy)2> >::allocate(unsigned long, void const*) (new_allocator.h:151)
==29430==    by 0x13116B: allocate (alloc_traits.h:482)
==29430==    by 0x13116B: std::__allocated_ptr<std::allocator<std::_Sp_counted_ptr_inplace<Msg_Node, std::allocator<void>, (__gnu_cxx::_Lock_policy)2> > > std::__allocate_guarded<std::allocator<std::_Sp_counted_ptr_inplace<Msg_Node, std::allocator<void>, (__gnu_cxx::_Lock_policy)2> > >(std::allocator<std::_Sp_counted_ptr_inplace<Msg_Node, std::allocator<void>, (__gnu_cxx::_Lock_policy)2> >&) (allocated_ptr.h:98)
==29430==    by 0x1302E5: std::__shared_count<(__gnu_cxx::_Lock_policy)2>::__shared_count<Msg_Node, std::allocator<void>, int>(Msg_Node*&, std::_Sp_alloc_shared_tag<std::allocator<void> >, int&&) (shared_ptr_base.h:969)
==29430==    by 0x12F5E1: std::__shared_ptr<Msg_Node, (__gnu_cxx::_Lock_policy)2>::__shared_ptr<std::allocator<void>, int>(std::_Sp_alloc_shared_tag<std::allocator<void> >, int&&) (shared_ptr_base.h:1712)
==29430==    by 0x12EB66: std::shared_ptr<Msg_Node>::shared_ptr<std::allocator<void>, int>(std::_Sp_alloc_shared_tag<std::allocator<void> >, int&&) (shared_ptr.h:464)
==29430==    by 0x12DEB2: std::shared_ptr<std::enable_if<!std::is_array<Msg_Node>::value, Msg_Node>::type> std::make_shared<Msg_Node, int>(int&&) (shared_ptr.h:1010)
==29430==    by 0x12D517: Session::Session(boost::asio::io_context&, Server*) (session_v6.h:32)
==29430==    by 0x133BE6: void std::_Construct<Session, boost::asio::io_context&, Server*>(Session*, boost::asio::io_context&, Server*&&) (stl_construct.h:119)
==29430==    by 0x13165E: construct<Session, boost::asio::io_context&, Server*> (alloc_traits.h:661)
==29430==    by 0x13165E: std::_Sp_counted_ptr_inplace<Session, std::allocator<void>, (__gnu_cxx::_Lock_policy)2>::_Sp_counted_ptr_inplace<boost::asio::io_context&, Server*>(std::allocator<void>, boost::asio::io_context&, Server*&&) (shared_ptr_base.h:604)
==29430==    by 0x130787: std::__shared_count<(__gnu_cxx::_Lock_policy)2>::__shared_count<Session, std::allocator<void>, boost::asio::io_context&, Server*>(Session*&, std::_Sp_alloc_shared_tag<std::allocator<void> >, boost::asio::io_context&, Server*&&) (shared_ptr_base.h:971)
==29430==    by 0x12FC69: std::__shared_ptr<Session, (__gnu_cxx::_Lock_policy)2>::__shared_ptr<std::allocator<void>, boost::asio::io_context&, Server*>(std::_Sp_alloc_shared_tag<std::allocator<void> >, boost::asio::io_context&, Server*&&) (shared_ptr_base.h:1712)
==29430== 
==29430== Conditional jump or move depends on uninitialised value(s)
==29430==    at 0x4852D8B: memmove (in /usr/libexec/valgrind/vgpreload_memcheck-amd64-linux.so)
==29430==    by 0x11ADFE: Session::handle_Read(boost::system::error_code const&, unsigned long, std::shared_ptr<Session>) (session_v6.cpp:39)
==29430==    by 0x1296EC: void std::__invoke_impl<void, void (Session::*&)(boost::system::error_code const&, unsigned long, std::shared_ptr<Session>), Session*&, boost::system::error_code const&, unsigned long const&, std::shared_ptr<Session>&>(std::__invoke_memfun_deref, void (Session::*&)(boost::system::error_code const&, unsigned long, std::shared_ptr<Session>), Session*&, boost::system::error_code const&, unsigned long const&, std::shared_ptr<Session>&) (invoke.h:74)
==29430==    by 0x1291A0: std::__invoke_result<void (Session::*&)(boost::system::error_code const&, unsigned long, std::shared_ptr<Session>), Session*&, boost::system::error_code const&, unsigned long const&, std::shared_ptr<Session>&>::type std::__invoke<void (Session::*&)(boost::system::error_code const&, unsigned long, std::shared_ptr<Session>), Session*&, boost::system::error_code const&, unsigned long const&, std::shared_ptr<Session>&>(void (Session::*&)(boost::system::error_code const&, unsigned long, std::shared_ptr<Session>), Session*&, boost::system::error_code const&, unsigned long const&, std::shared_ptr<Session>&) (invoke.h:96)
==29430==    by 0x128C36: void std::_Bind<void (Session::*(Session*, std::_Placeholder<1>, std::_Placeholder<2>, std::shared_ptr<Session>))(boost::system::error_code const&, unsigned long, std::shared_ptr<Session>)>::__call<void, boost::system::error_code const&, unsigned long const&, 0ul, 1ul, 2ul, 3ul>(std::tuple<boost::system::error_code const&, unsigned long const&>&&, std::_Index_tuple<0ul, 1ul, 2ul, 3ul>) (functional:506)
==29430==    by 0x128342: void std::_Bind<void (Session::*(Session*, std::_Placeholder<1>, std::_Placeholder<2>, std::shared_ptr<Session>))(boost::system::error_code const&, unsigned long, std::shared_ptr<Session>)>::operator()<boost::system::error_code const&, unsigned long const&, void>(boost::system::error_code const&, unsigned long const&) (functional:591)
==29430==    by 0x127D94: boost::asio::detail::binder2<std::_Bind<void (Session::*(Session*, std::_Placeholder<1>, std::_Placeholder<2>, std::shared_ptr<Session>))(boost::system::error_code const&, unsigned long, std::shared_ptr<Session>)>, boost::system::error_code, unsigned long>::operator()() (bind_handler.hpp:289)
==29430==    by 0x127718: void boost::asio::asio_handler_invoke<boost::asio::detail::binder2<std::_Bind<void (Session::*(Session*, std::_Placeholder<1>, std::_Placeholder<2>, std::shared_ptr<Session>))(boost::system::error_code const&, unsigned long, std::shared_ptr<Session>)>, boost::system::error_code, unsigned long> >(boost::asio::detail::binder2<std::_Bind<void (Session::*(Session*, std::_Placeholder<1>, std::_Placeholder<2>, std::shared_ptr<Session>))(boost::system::error_code const&, unsigned long, std::shared_ptr<Session>)>, boost::system::error_code, unsigned long>&, ...) (handler_invoke_hook.hpp:88)
==29430==    by 0x1272F7: void boost_asio_handler_invoke_helpers::invoke<boost::asio::detail::binder2<std::_Bind<void (Session::*(Session*, std::_Placeholder<1>, std::_Placeholder<2>, std::shared_ptr<Session>))(boost::system::error_code const&, unsigned long, std::shared_ptr<Session>)>, boost::system::error_code, unsigned long>, std::_Bind<void (Session::*(Session*, std::_Placeholder<1>, std::_Placeholder<2>, std::shared_ptr<Session>))(boost::system::error_code const&, unsigned long, std::shared_ptr<Session>)> >(boost::asio::detail::binder2<std::_Bind<void (Session::*(Session*, std::_Placeholder<1>, std::_Placeholder<2>, std::shared_ptr<Session>))(boost::system::error_code const&, unsigned long, std::shared_ptr<Session>)>, boost::system::error_code, unsigned long>&, std::_Bind<void (Session::*(Session*, std::_Placeholder<1>, std::_Placeholder<2>, std::shared_ptr<Session>))(boost::system::error_code const&, unsigned long, std::shared_ptr<Session>)>&) (handler_invoke_helpers.hpp:54)
==29430==    by 0x1269C5: void boost::asio::detail::handler_work<std::_Bind<void (Session::*(Session*, std::_Placeholder<1>, std::_Placeholder<2>, std::shared_ptr<Session>))(boost::system::error_code const&, unsigned long, std::shared_ptr<Session>)>, boost::asio::any_io_executor, void>::complete<boost::asio::detail::binder2<std::_Bind<void (Session::*(Session*, std::_Placeholder<1>, std::_Placeholder<2>, std::shared_ptr<Session>))(boost::system::error_code const&, unsigned long, std::shared_ptr<Session>)>, boost::system::error_code, unsigned long> >(boost::asio::detail::binder2<std::_Bind<void (Session::*(Session*, std::_Placeholder<1>, std::_Placeholder<2>, std::shared_ptr<Session>))(boost::system::error_code const&, unsigned long, std::shared_ptr<Session>)>, boost::system::error_code, unsigned long>&, std::_Bind<void (Session::*(Session*, std::_Placeholder<1>, std::_Placeholder<2>, std::shared_ptr<Session>))(boost::system::error_code const&, unsigned long, std::shared_ptr<Session>)>&) (handler_work.hpp:524)
==29430==    by 0x126004: boost::asio::detail::reactive_socket_recv_op<boost::asio::mutable_buffers_1, std::_Bind<void (Session::*(Session*, std::_Placeholder<1>, std::_Placeholder<2>, std::shared_ptr<Session>))(boost::system::error_code const&, unsigned long, std::shared_ptr<Session>)>, boost::asio::any_io_executor>::do_complete(void*, boost::asio::detail::scheduler_operation*, boost::system::error_code const&, unsigned long) (reactive_socket_recv_op.hpp:152)
==29430==    by 0x113D2D: boost::asio::detail::scheduler_operation::complete(void*, boost::system::error_code const&, unsigned long) (scheduler_operation.hpp:40)
==29430==  Uninitialised value was created by a heap allocation
==29430==    at 0x4846FA3: operator new(unsigned long) (in /usr/libexec/valgrind/vgpreload_memcheck-amd64-linux.so)
==29430==    by 0x132E2B: std::__new_allocator<std::_Sp_counted_ptr_inplace<Msg_Node, std::allocator<void>, (__gnu_cxx::_Lock_policy)2> >::allocate(unsigned long, void const*) (new_allocator.h:151)
==29430==    by 0x13116B: allocate (alloc_traits.h:482)
==29430==    by 0x13116B: std::__allocated_ptr<std::allocator<std::_Sp_counted_ptr_inplace<Msg_Node, std::allocator<void>, (__gnu_cxx::_Lock_policy)2> > > std::__allocate_guarded<std::allocator<std::_Sp_counted_ptr_inplace<Msg_Node, std::allocator<void>, (__gnu_cxx::_Lock_policy)2> > >(std::allocator<std::_Sp_counted_ptr_inplace<Msg_Node, std::allocator<void>, (__gnu_cxx::_Lock_policy)2> >&) (allocated_ptr.h:98)
==29430==    by 0x1302E5: std::__shared_count<(__gnu_cxx::_Lock_policy)2>::__shared_count<Msg_Node, std::allocator<void>, int>(Msg_Node*&, std::_Sp_alloc_shared_tag<std::allocator<void> >, int&&) (shared_ptr_base.h:969)
==29430==    by 0x12F5E1: std::__shared_ptr<Msg_Node, (__gnu_cxx::_Lock_policy)2>::__shared_ptr<std::allocator<void>, int>(std::_Sp_alloc_shared_tag<std::allocator<void> >, int&&) (shared_ptr_base.h:1712)
==29430==    by 0x12EB66: std::shared_ptr<Msg_Node>::shared_ptr<std::allocator<void>, int>(std::_Sp_alloc_shared_tag<std::allocator<void> >, int&&) (shared_ptr.h:464)
==29430==    by 0x12DEB2: std::shared_ptr<std::enable_if<!std::is_array<Msg_Node>::value, Msg_Node>::type> std::make_shared<Msg_Node, int>(int&&) (shared_ptr.h:1010)
==29430==    by 0x12D517: Session::Session(boost::asio::io_context&, Server*) (session_v6.h:32)
==29430==    by 0x133BE6: void std::_Construct<Session, boost::asio::io_context&, Server*>(Session*, boost::asio::io_context&, Server*&&) (stl_construct.h:119)
==29430==    by 0x13165E: construct<Session, boost::asio::io_context&, Server*> (alloc_traits.h:661)
==29430==    by 0x13165E: std::_Sp_counted_ptr_inplace<Session, std::allocator<void>, (__gnu_cxx::_Lock_policy)2>::_Sp_counted_ptr_inplace<boost::asio::io_context&, Server*>(std::allocator<void>, boost::asio::io_context&, Server*&&) (shared_ptr_base.h:604)
==29430==    by 0x130787: std::__shared_count<(__gnu_cxx::_Lock_policy)2>::__shared_count<Session, std::allocator<void>, boost::asio::io_context&, Server*>(Session*&, std::_Sp_alloc_shared_tag<std::allocator<void> >, boost::asio::io_context&, Server*&&) (shared_ptr_base.h:971)
==29430==    by 0x12FC69: std::__shared_ptr<Session, (__gnu_cxx::_Lock_policy)2>::__shared_ptr<std::allocator<void>, boost::asio::io_context&, Server*>(std::_Sp_alloc_shared_tag<std::allocator<void> >, boost::asio::io_context&, Server*&&) (shared_ptr_base.h:1712)
==29430== 
==29430== Conditional jump or move depends on uninitialised value(s)
==29430==    at 0x4852D98: memmove (in /usr/libexec/valgrind/vgpreload_memcheck-amd64-linux.so)
==29430==    by 0x11ADFE: Session::handle_Read(boost::system::error_code const&, unsigned long, std::shared_ptr<Session>) (session_v6.cpp:39)
==29430==    by 0x1296EC: void std::__invoke_impl<void, void (Session::*&)(boost::system::error_code const&, unsigned long, std::shared_ptr<Session>), Session*&, boost::system::error_code const&, unsigned long const&, std::shared_ptr<Session>&>(std::__invoke_memfun_deref, void (Session::*&)(boost::system::error_code const&, unsigned long, std::shared_ptr<Session>), Session*&, boost::system::error_code const&, unsigned long const&, std::shared_ptr<Session>&) (invoke.h:74)
==29430==    by 0x1291A0: std::__invoke_result<void (Session::*&)(boost::system::error_code const&, unsigned long, std::shared_ptr<Session>), Session*&, boost::system::error_code const&, unsigned long const&, std::shared_ptr<Session>&>::type std::__invoke<void (Session::*&)(boost::system::error_code const&, unsigned long, std::shared_ptr<Session>), Session*&, boost::system::error_code const&, unsigned long const&, std::shared_ptr<Session>&>(void (Session::*&)(boost::system::error_code const&, unsigned long, std::shared_ptr<Session>), Session*&, boost::system::error_code const&, unsigned long const&, std::shared_ptr<Session>&) (invoke.h:96)
==29430==    by 0x128C36: void std::_Bind<void (Session::*(Session*, std::_Placeholder<1>, std::_Placeholder<2>, std::shared_ptr<Session>))(boost::system::error_code const&, unsigned long, std::shared_ptr<Session>)>::__call<void, boost::system::error_code const&, unsigned long const&, 0ul, 1ul, 2ul, 3ul>(std::tuple<boost::system::error_code const&, unsigned long const&>&&, std::_Index_tuple<0ul, 1ul, 2ul, 3ul>) (functional:506)
==29430==    by 0x128342: void std::_Bind<void (Session::*(Session*, std::_Placeholder<1>, std::_Placeholder<2>, std::shared_ptr<Session>))(boost::system::error_code const&, unsigned long, std::shared_ptr<Session>)>::operator()<boost::system::error_code const&, unsigned long const&, void>(boost::system::error_code const&, unsigned long const&) (functional:591)
==29430==    by 0x127D94: boost::asio::detail::binder2<std::_Bind<void (Session::*(Session*, std::_Placeholder<1>, std::_Placeholder<2>, std::shared_ptr<Session>))(boost::system::error_code const&, unsigned long, std::shared_ptr<Session>)>, boost::system::error_code, unsigned long>::operator()() (bind_handler.hpp:289)
==29430==    by 0x127718: void boost::asio::asio_handler_invoke<boost::asio::detail::binder2<std::_Bind<void (Session::*(Session*, std::_Placeholder<1>, std::_Placeholder<2>, std::shared_ptr<Session>))(boost::system::error_code const&, unsigned long, std::shared_ptr<Session>)>, boost::system::error_code, unsigned long> >(boost::asio::detail::binder2<std::_Bind<void (Session::*(Session*, std::_Placeholder<1>, std::_Placeholder<2>, std::shared_ptr<Session>))(boost::system::error_code const&, unsigned long, std::shared_ptr<Session>)>, boost::system::error_code, unsigned long>&, ...) (handler_invoke_hook.hpp:88)
==29430==    by 0x1272F7: void boost_asio_handler_invoke_helpers::invoke<boost::asio::detail::binder2<std::_Bind<void (Session::*(Session*, std::_Placeholder<1>, std::_Placeholder<2>, std::shared_ptr<Session>))(boost::system::error_code const&, unsigned long, std::shared_ptr<Session>)>, boost::system::error_code, unsigned long>, std::_Bind<void (Session::*(Session*, std::_Placeholder<1>, std::_Placeholder<2>, std::shared_ptr<Session>))(boost::system::error_code const&, unsigned long, std::shared_ptr<Session>)> >(boost::asio::detail::binder2<std::_Bind<void (Session::*(Session*, std::_Placeholder<1>, std::_Placeholder<2>, std::shared_ptr<Session>))(boost::system::error_code const&, unsigned long, std::shared_ptr<Session>)>, boost::system::error_code, unsigned long>&, std::_Bind<void (Session::*(Session*, std::_Placeholder<1>, std::_Placeholder<2>, std::shared_ptr<Session>))(boost::system::error_code const&, unsigned long, std::shared_ptr<Session>)>&) (handler_invoke_helpers.hpp:54)
==29430==    by 0x1269C5: void boost::asio::detail::handler_work<std::_Bind<void (Session::*(Session*, std::_Placeholder<1>, std::_Placeholder<2>, std::shared_ptr<Session>))(boost::system::error_code const&, unsigned long, std::shared_ptr<Session>)>, boost::asio::any_io_executor, void>::complete<boost::asio::detail::binder2<std::_Bind<void (Session::*(Session*, std::_Placeholder<1>, std::_Placeholder<2>, std::shared_ptr<Session>))(boost::system::error_code const&, unsigned long, std::shared_ptr<Session>)>, boost::system::error_code, unsigned long> >(boost::asio::detail::binder2<std::_Bind<void (Session::*(Session*, std::_Placeholder<1>, std::_Placeholder<2>, std::shared_ptr<Session>))(boost::system::error_code const&, unsigned long, std::shared_ptr<Session>)>, boost::system::error_code, unsigned long>&, std::_Bind<void (Session::*(Session*, std::_Placeholder<1>, std::_Placeholder<2>, std::shared_ptr<Session>))(boost::system::error_code const&, unsigned long, std::shared_ptr<Session>)>&) (handler_work.hpp:524)
==29430==    by 0x126004: boost::asio::detail::reactive_socket_recv_op<boost::asio::mutable_buffers_1, std::_Bind<void (Session::*(Session*, std::_Placeholder<1>, std::_Placeholder<2>, std::shared_ptr<Session>))(boost::system::error_code const&, unsigned long, std::shared_ptr<Session>)>, boost::asio::any_io_executor>::do_complete(void*, boost::asio::detail::scheduler_operation*, boost::system::error_code const&, unsigned long) (reactive_socket_recv_op.hpp:152)
==29430==    by 0x113D2D: boost::asio::detail::scheduler_operation::complete(void*, boost::system::error_code const&, unsigned long) (scheduler_operation.hpp:40)
==29430==  Uninitialised value was created by a heap allocation
==29430==    at 0x4846FA3: operator new(unsigned long) (in /usr/libexec/valgrind/vgpreload_memcheck-amd64-linux.so)
==29430==    by 0x132E2B: std::__new_allocator<std::_Sp_counted_ptr_inplace<Msg_Node, std::allocator<void>, (__gnu_cxx::_Lock_policy)2> >::allocate(unsigned long, void const*) (new_allocator.h:151)
==29430==    by 0x13116B: allocate (alloc_traits.h:482)
==29430==    by 0x13116B: std::__allocated_ptr<std::allocator<std::_Sp_counted_ptr_inplace<Msg_Node, std::allocator<void>, (__gnu_cxx::_Lock_policy)2> > > std::__allocate_guarded<std::allocator<std::_Sp_counted_ptr_inplace<Msg_Node, std::allocator<void>, (__gnu_cxx::_Lock_policy)2> > >(std::allocator<std::_Sp_counted_ptr_inplace<Msg_Node, std::allocator<void>, (__gnu_cxx::_Lock_policy)2> >&) (allocated_ptr.h:98)
==29430==    by 0x1302E5: std::__shared_count<(__gnu_cxx::_Lock_policy)2>::__shared_count<Msg_Node, std::allocator<void>, int>(Msg_Node*&, std::_Sp_alloc_shared_tag<std::allocator<void> >, int&&) (shared_ptr_base.h:969)
==29430==    by 0x12F5E1: std::__shared_ptr<Msg_Node, (__gnu_cxx::_Lock_policy)2>::__shared_ptr<std::allocator<void>, int>(std::_Sp_alloc_shared_tag<std::allocator<void> >, int&&) (shared_ptr_base.h:1712)
==29430==    by 0x12EB66: std::shared_ptr<Msg_Node>::shared_ptr<std::allocator<void>, int>(std::_Sp_alloc_shared_tag<std::allocator<void> >, int&&) (shared_ptr.h:464)
==29430==    by 0x12DEB2: std::shared_ptr<std::enable_if<!std::is_array<Msg_Node>::value, Msg_Node>::type> std::make_shared<Msg_Node, int>(int&&) (shared_ptr.h:1010)
==29430==    by 0x12D517: Session::Session(boost::asio::io_context&, Server*) (session_v6.h:32)
==29430==    by 0x133BE6: void std::_Construct<Session, boost::asio::io_context&, Server*>(Session*, boost::asio::io_context&, Server*&&) (stl_construct.h:119)
==29430==    by 0x13165E: construct<Session, boost::asio::io_context&, Server*> (alloc_traits.h:661)
==29430==    by 0x13165E: std::_Sp_counted_ptr_inplace<Session, std::allocator<void>, (__gnu_cxx::_Lock_policy)2>::_Sp_counted_ptr_inplace<boost::asio::io_context&, Server*>(std::allocator<void>, boost::asio::io_context&, Server*&&) (shared_ptr_base.h:604)
==29430==    by 0x130787: std::__shared_count<(__gnu_cxx::_Lock_policy)2>::__shared_count<Session, std::allocator<void>, boost::asio::io_context&, Server*>(Session*&, std::_Sp_alloc_shared_tag<std::allocator<void> >, boost::asio::io_context&, Server*&&) (shared_ptr_base.h:971)
==29430==    by 0x12FC69: std::__shared_ptr<Session, (__gnu_cxx::_Lock_policy)2>::__shared_ptr<std::allocator<void>, boost::asio::io_context&, Server*>(std::_Sp_alloc_shared_tag<std::allocator<void> >, boost::asio::io_context&, Server*&&) (shared_ptr_base.h:1712)
==29430== 
==29430== Conditional jump or move depends on uninitialised value(s)
==29430==    at 0x4852DA9: memmove (in /usr/libexec/valgrind/vgpreload_memcheck-amd64-linux.so)
==29430==    by 0x11ADFE: Session::handle_Read(boost::system::error_code const&, unsigned long, std::shared_ptr<Session>) (session_v6.cpp:39)
==29430==    by 0x1296EC: void std::__invoke_impl<void, void (Session::*&)(boost::system::error_code const&, unsigned long, std::shared_ptr<Session>), Session*&, boost::system::error_code const&, unsigned long const&, std::shared_ptr<Session>&>(std::__invoke_memfun_deref, void (Session::*&)(boost::system::error_code const&, unsigned long, std::shared_ptr<Session>), Session*&, boost::system::error_code const&, unsigned long const&, std::shared_ptr<Session>&) (invoke.h:74)
==29430==    by 0x1291A0: std::__invoke_result<void (Session::*&)(boost::system::error_code const&, unsigned long, std::shared_ptr<Session>), Session*&, boost::system::error_code const&, unsigned long const&, std::shared_ptr<Session>&>::type std::__invoke<void (Session::*&)(boost::system::error_code const&, unsigned long, std::shared_ptr<Session>), Session*&, boost::system::error_code const&, unsigned long const&, std::shared_ptr<Session>&>(void (Session::*&)(boost::system::error_code const&, unsigned long, std::shared_ptr<Session>), Session*&, boost::system::error_code const&, unsigned long const&, std::shared_ptr<Session>&) (invoke.h:96)
==29430==    by 0x128C36: void std::_Bind<void (Session::*(Session*, std::_Placeholder<1>, std::_Placeholder<2>, std::shared_ptr<Session>))(boost::system::error_code const&, unsigned long, std::shared_ptr<Session>)>::__call<void, boost::system::error_code const&, unsigned long const&, 0ul, 1ul, 2ul, 3ul>(std::tuple<boost::system::error_code const&, unsigned long const&>&&, std::_Index_tuple<0ul, 1ul, 2ul, 3ul>) (functional:506)
==29430==    by 0x128342: void std::_Bind<void (Session::*(Session*, std::_Placeholder<1>, std::_Placeholder<2>, std::shared_ptr<Session>))(boost::system::error_code const&, unsigned long, std::shared_ptr<Session>)>::operator()<boost::system::error_code const&, unsigned long const&, void>(boost::system::error_code const&, unsigned long const&) (functional:591)
==29430==    by 0x127D94: boost::asio::detail::binder2<std::_Bind<void (Session::*(Session*, std::_Placeholder<1>, std::_Placeholder<2>, std::shared_ptr<Session>))(boost::system::error_code const&, unsigned long, std::shared_ptr<Session>)>, boost::system::error_code, unsigned long>::operator()() (bind_handler.hpp:289)
==29430==    by 0x127718: void boost::asio::asio_handler_invoke<boost::asio::detail::binder2<std::_Bind<void (Session::*(Session*, std::_Placeholder<1>, std::_Placeholder<2>, std::shared_ptr<Session>))(boost::system::error_code const&, unsigned long, std::shared_ptr<Session>)>, boost::system::error_code, unsigned long> >(boost::asio::detail::binder2<std::_Bind<void (Session::*(Session*, std::_Placeholder<1>, std::_Placeholder<2>, std::shared_ptr<Session>))(boost::system::error_code const&, unsigned long, std::shared_ptr<Session>)>, boost::system::error_code, unsigned long>&, ...) (handler_invoke_hook.hpp:88)
==29430==    by 0x1272F7: void boost_asio_handler_invoke_helpers::invoke<boost::asio::detail::binder2<std::_Bind<void (Session::*(Session*, std::_Placeholder<1>, std::_Placeholder<2>, std::shared_ptr<Session>))(boost::system::error_code const&, unsigned long, std::shared_ptr<Session>)>, boost::system::error_code, unsigned long>, std::_Bind<void (Session::*(Session*, std::_Placeholder<1>, std::_Placeholder<2>, std::shared_ptr<Session>))(boost::system::error_code const&, unsigned long, std::shared_ptr<Session>)> >(boost::asio::detail::binder2<std::_Bind<void (Session::*(Session*, std::_Placeholder<1>, std::_Placeholder<2>, std::shared_ptr<Session>))(boost::system::error_code const&, unsigned long, std::shared_ptr<Session>)>, boost::system::error_code, unsigned long>&, std::_Bind<void (Session::*(Session*, std::_Placeholder<1>, std::_Placeholder<2>, std::shared_ptr<Session>))(boost::system::error_code const&, unsigned long, std::shared_ptr<Session>)>&) (handler_invoke_helpers.hpp:54)
==29430==    by 0x1269C5: void boost::asio::detail::handler_work<std::_Bind<void (Session::*(Session*, std::_Placeholder<1>, std::_Placeholder<2>, std::shared_ptr<Session>))(boost::system::error_code const&, unsigned long, std::shared_ptr<Session>)>, boost::asio::any_io_executor, void>::complete<boost::asio::detail::binder2<std::_Bind<void (Session::*(Session*, std::_Placeholder<1>, std::_Placeholder<2>, std::shared_ptr<Session>))(boost::system::error_code const&, unsigned long, std::shared_ptr<Session>)>, boost::system::error_code, unsigned long> >(boost::asio::detail::binder2<std::_Bind<void (Session::*(Session*, std::_Placeholder<1>, std::_Placeholder<2>, std::shared_ptr<Session>))(boost::system::error_code const&, unsigned long, std::shared_ptr<Session>)>, boost::system::error_code, unsigned long>&, std::_Bind<void (Session::*(Session*, std::_Placeholder<1>, std::_Placeholder<2>, std::shared_ptr<Session>))(boost::system::error_code const&, unsigned long, std::shared_ptr<Session>)>&) (handler_work.hpp:524)
==29430==    by 0x126004: boost::asio::detail::reactive_socket_recv_op<boost::asio::mutable_buffers_1, std::_Bind<void (Session::*(Session*, std::_Placeholder<1>, std::_Placeholder<2>, std::shared_ptr<Session>))(boost::system::error_code const&, unsigned long, std::shared_ptr<Session>)>, boost::asio::any_io_executor>::do_complete(void*, boost::asio::detail::scheduler_operation*, boost::system::error_code const&, unsigned long) (reactive_socket_recv_op.hpp:152)
==29430==    by 0x113D2D: boost::asio::detail::scheduler_operation::complete(void*, boost::system::error_code const&, unsigned long) (scheduler_operation.hpp:40)
==29430==  Uninitialised value was created by a heap allocation
==29430==    at 0x4846FA3: operator new(unsigned long) (in /usr/libexec/valgrind/vgpreload_memcheck-amd64-linux.so)
==29430==    by 0x132E2B: std::__new_allocator<std::_Sp_counted_ptr_inplace<Msg_Node, std::allocator<void>, (__gnu_cxx::_Lock_policy)2> >::allocate(unsigned long, void const*) (new_allocator.h:151)
==29430==    by 0x13116B: allocate (alloc_traits.h:482)
==29430==    by 0x13116B: std::__allocated_ptr<std::allocator<std::_Sp_counted_ptr_inplace<Msg_Node, std::allocator<void>, (__gnu_cxx::_Lock_policy)2> > > std::__allocate_guarded<std::allocator<std::_Sp_counted_ptr_inplace<Msg_Node, std::allocator<void>, (__gnu_cxx::_Lock_policy)2> > >(std::allocator<std::_Sp_counted_ptr_inplace<Msg_Node, std::allocator<void>, (__gnu_cxx::_Lock_policy)2> >&) (allocated_ptr.h:98)
==29430==    by 0x1302E5: std::__shared_count<(__gnu_cxx::_Lock_policy)2>::__shared_count<Msg_Node, std::allocator<void>, int>(Msg_Node*&, std::_Sp_alloc_shared_tag<std::allocator<void> >, int&&) (shared_ptr_base.h:969)
==29430==    by 0x12F5E1: std::__shared_ptr<Msg_Node, (__gnu_cxx::_Lock_policy)2>::__shared_ptr<std::allocator<void>, int>(std::_Sp_alloc_shared_tag<std::allocator<void> >, int&&) (shared_ptr_base.h:1712)
==29430==    by 0x12EB66: std::shared_ptr<Msg_Node>::shared_ptr<std::allocator<void>, int>(std::_Sp_alloc_shared_tag<std::allocator<void> >, int&&) (shared_ptr.h:464)
==29430==    by 0x12DEB2: std::shared_ptr<std::enable_if<!std::is_array<Msg_Node>::value, Msg_Node>::type> std::make_shared<Msg_Node, int>(int&&) (shared_ptr.h:1010)
==29430==    by 0x12D517: Session::Session(boost::asio::io_context&, Server*) (session_v6.h:32)
==29430==    by 0x133BE6: void std::_Construct<Session, boost::asio::io_context&, Server*>(Session*, boost::asio::io_context&, Server*&&) (stl_construct.h:119)
==29430==    by 0x13165E: construct<Session, boost::asio::io_context&, Server*> (alloc_traits.h:661)
==29430==    by 0x13165E: std::_Sp_counted_ptr_inplace<Session, std::allocator<void>, (__gnu_cxx::_Lock_policy)2>::_Sp_counted_ptr_inplace<boost::asio::io_context&, Server*>(std::allocator<void>, boost::asio::io_context&, Server*&&) (shared_ptr_base.h:604)
==29430==    by 0x130787: std::__shared_count<(__gnu_cxx::_Lock_policy)2>::__shared_count<Session, std::allocator<void>, boost::asio::io_context&, Server*>(Session*&, std::_Sp_alloc_shared_tag<std::allocator<void> >, boost::asio::io_context&, Server*&&) (shared_ptr_base.h:971)
==29430==    by 0x12FC69: std::__shared_ptr<Session, (__gnu_cxx::_Lock_policy)2>::__shared_ptr<std::allocator<void>, boost::asio::io_context&, Server*>(std::_Sp_alloc_shared_tag<std::allocator<void> >, boost::asio::io_context&, Server*&&) (shared_ptr_base.h:1712)
==29430== 
==29430== Conditional jump or move depends on uninitialised value(s)
==29430==    at 0x4852DE3: memmove (in /usr/libexec/valgrind/vgpreload_memcheck-amd64-linux.so)
==29430==    by 0x11ADFE: Session::handle_Read(boost::system::error_code const&, unsigned long, std::shared_ptr<Session>) (session_v6.cpp:39)
==29430==    by 0x1296EC: void std::__invoke_impl<void, void (Session::*&)(boost::system::error_code const&, unsigned long, std::shared_ptr<Session>), Session*&, boost::system::error_code const&, unsigned long const&, std::shared_ptr<Session>&>(std::__invoke_memfun_deref, void (Session::*&)(boost::system::error_code const&, unsigned long, std::shared_ptr<Session>), Session*&, boost::system::error_code const&, unsigned long const&, std::shared_ptr<Session>&) (invoke.h:74)
==29430==    by 0x1291A0: std::__invoke_result<void (Session::*&)(boost::system::error_code const&, unsigned long, std::shared_ptr<Session>), Session*&, boost::system::error_code const&, unsigned long const&, std::shared_ptr<Session>&>::type std::__invoke<void (Session::*&)(boost::system::error_code const&, unsigned long, std::shared_ptr<Session>), Session*&, boost::system::error_code const&, unsigned long const&, std::shared_ptr<Session>&>(void (Session::*&)(boost::system::error_code const&, unsigned long, std::shared_ptr<Session>), Session*&, boost::system::error_code const&, unsigned long const&, std::shared_ptr<Session>&) (invoke.h:96)
==29430==    by 0x128C36: void std::_Bind<void (Session::*(Session*, std::_Placeholder<1>, std::_Placeholder<2>, std::shared_ptr<Session>))(boost::system::error_code const&, unsigned long, std::shared_ptr<Session>)>::__call<void, boost::system::error_code const&, unsigned long const&, 0ul, 1ul, 2ul, 3ul>(std::tuple<boost::system::error_code const&, unsigned long const&>&&, std::_Index_tuple<0ul, 1ul, 2ul, 3ul>) (functional:506)
==29430==    by 0x128342: void std::_Bind<void (Session::*(Session*, std::_Placeholder<1>, std::_Placeholder<2>, std::shared_ptr<Session>))(boost::system::error_code const&, unsigned long, std::shared_ptr<Session>)>::operator()<boost::system::error_code const&, unsigned long const&, void>(boost::system::error_code const&, unsigned long const&) (functional:591)
==29430==    by 0x127D94: boost::asio::detail::binder2<std::_Bind<void (Session::*(Session*, std::_Placeholder<1>, std::_Placeholder<2>, std::shared_ptr<Session>))(boost::system::error_code const&, unsigned long, std::shared_ptr<Session>)>, boost::system::error_code, unsigned long>::operator()() (bind_handler.hpp:289)
==29430==    by 0x127718: void boost::asio::asio_handler_invoke<boost::asio::detail::binder2<std::_Bind<void (Session::*(Session*, std::_Placeholder<1>, std::_Placeholder<2>, std::shared_ptr<Session>))(boost::system::error_code const&, unsigned long, std::shared_ptr<Session>)>, boost::system::error_code, unsigned long> >(boost::asio::detail::binder2<std::_Bind<void (Session::*(Session*, std::_Placeholder<1>, std::_Placeholder<2>, std::shared_ptr<Session>))(boost::system::error_code const&, unsigned long, std::shared_ptr<Session>)>, boost::system::error_code, unsigned long>&, ...) (handler_invoke_hook.hpp:88)
==29430==    by 0x1272F7: void boost_asio_handler_invoke_helpers::invoke<boost::asio::detail::binder2<std::_Bind<void (Session::*(Session*, std::_Placeholder<1>, std::_Placeholder<2>, std::shared_ptr<Session>))(boost::system::error_code const&, unsigned long, std::shared_ptr<Session>)>, boost::system::error_code, unsigned long>, std::_Bind<void (Session::*(Session*, std::_Placeholder<1>, std::_Placeholder<2>, std::shared_ptr<Session>))(boost::system::error_code const&, unsigned long, std::shared_ptr<Session>)> >(boost::asio::detail::binder2<std::_Bind<void (Session::*(Session*, std::_Placeholder<1>, std::_Placeholder<2>, std::shared_ptr<Session>))(boost::system::error_code const&, unsigned long, std::shared_ptr<Session>)>, boost::system::error_code, unsigned long>&, std::_Bind<void (Session::*(Session*, std::_Placeholder<1>, std::_Placeholder<2>, std::shared_ptr<Session>))(boost::system::error_code const&, unsigned long, std::shared_ptr<Session>)>&) (handler_invoke_helpers.hpp:54)
==29430==    by 0x1269C5: void boost::asio::detail::handler_work<std::_Bind<void (Session::*(Session*, std::_Placeholder<1>, std::_Placeholder<2>, std::shared_ptr<Session>))(boost::system::error_code const&, unsigned long, std::shared_ptr<Session>)>, boost::asio::any_io_executor, void>::complete<boost::asio::detail::binder2<std::_Bind<void (Session::*(Session*, std::_Placeholder<1>, std::_Placeholder<2>, std::shared_ptr<Session>))(boost::system::error_code const&, unsigned long, std::shared_ptr<Session>)>, boost::system::error_code, unsigned long> >(boost::asio::detail::binder2<std::_Bind<void (Session::*(Session*, std::_Placeholder<1>, std::_Placeholder<2>, std::shared_ptr<Session>))(boost::system::error_code const&, unsigned long, std::shared_ptr<Session>)>, boost::system::error_code, unsigned long>&, std::_Bind<void (Session::*(Session*, std::_Placeholder<1>, std::_Placeholder<2>, std::shared_ptr<Session>))(boost::system::error_code const&, unsigned long, std::shared_ptr<Session>)>&) (handler_work.hpp:524)
==29430==    by 0x126004: boost::asio::detail::reactive_socket_recv_op<boost::asio::mutable_buffers_1, std::_Bind<void (Session::*(Session*, std::_Placeholder<1>, std::_Placeholder<2>, std::shared_ptr<Session>))(boost::system::error_code const&, unsigned long, std::shared_ptr<Session>)>, boost::asio::any_io_executor>::do_complete(void*, boost::asio::detail::scheduler_operation*, boost::system::error_code const&, unsigned long) (reactive_socket_recv_op.hpp:152)
==29430==    by 0x113D2D: boost::asio::detail::scheduler_operation::complete(void*, boost::system::error_code const&, unsigned long) (scheduler_operation.hpp:40)
==29430==  Uninitialised value was created by a heap allocation
==29430==    at 0x4846FA3: operator new(unsigned long) (in /usr/libexec/valgrind/vgpreload_memcheck-amd64-linux.so)
==29430==    by 0x132E2B: std::__new_allocator<std::_Sp_counted_ptr_inplace<Msg_Node, std::allocator<void>, (__gnu_cxx::_Lock_policy)2> >::allocate(unsigned long, void const*) (new_allocator.h:151)
==29430==    by 0x13116B: allocate (alloc_traits.h:482)
==29430==    by 0x13116B: std::__allocated_ptr<std::allocator<std::_Sp_counted_ptr_inplace<Msg_Node, std::allocator<void>, (__gnu_cxx::_Lock_policy)2> > > std::__allocate_guarded<std::allocator<std::_Sp_counted_ptr_inplace<Msg_Node, std::allocator<void>, (__gnu_cxx::_Lock_policy)2> > >(std::allocator<std::_Sp_counted_ptr_inplace<Msg_Node, std::allocator<void>, (__gnu_cxx::_Lock_policy)2> >&) (allocated_ptr.h:98)
==29430==    by 0x1302E5: std::__shared_count<(__gnu_cxx::_Lock_policy)2>::__shared_count<Msg_Node, std::allocator<void>, int>(Msg_Node*&, std::_Sp_alloc_shared_tag<std::allocator<void> >, int&&) (shared_ptr_base.h:969)
==29430==    by 0x12F5E1: std::__shared_ptr<Msg_Node, (__gnu_cxx::_Lock_policy)2>::__shared_ptr<std::allocator<void>, int>(std::_Sp_alloc_shared_tag<std::allocator<void> >, int&&) (shared_ptr_base.h:1712)
==29430==    by 0x12EB66: std::shared_ptr<Msg_Node>::shared_ptr<std::allocator<void>, int>(std::_Sp_alloc_shared_tag<std::allocator<void> >, int&&) (shared_ptr.h:464)
==29430==    by 0x12DEB2: std::shared_ptr<std::enable_if<!std::is_array<Msg_Node>::value, Msg_Node>::type> std::make_shared<Msg_Node, int>(int&&) (shared_ptr.h:1010)
==29430==    by 0x12D517: Session::Session(boost::asio::io_context&, Server*) (session_v6.h:32)
==29430==    by 0x133BE6: void std::_Construct<Session, boost::asio::io_context&, Server*>(Session*, boost::asio::io_context&, Server*&&) (stl_construct.h:119)
==29430==    by 0x13165E: construct<Session, boost::asio::io_context&, Server*> (alloc_traits.h:661)
==29430==    by 0x13165E: std::_Sp_counted_ptr_inplace<Session, std::allocator<void>, (__gnu_cxx::_Lock_policy)2>::_Sp_counted_ptr_inplace<boost::asio::io_context&, Server*>(std::allocator<void>, boost::asio::io_context&, Server*&&) (shared_ptr_base.h:604)
==29430==    by 0x130787: std::__shared_count<(__gnu_cxx::_Lock_policy)2>::__shared_count<Session, std::allocator<void>, boost::asio::io_context&, Server*>(Session*&, std::_Sp_alloc_shared_tag<std::allocator<void> >, boost::asio::io_context&, Server*&&) (shared_ptr_base.h:971)
==29430==    by 0x12FC69: std::__shared_ptr<Session, (__gnu_cxx::_Lock_policy)2>::__shared_ptr<std::allocator<void>, boost::asio::io_context&, Server*>(std::_Sp_alloc_shared_tag<std::allocator<void> >, boost::asio::io_context&, Server*&&) (shared_ptr_base.h:1712)
==29430== 
==29430== Conditional jump or move depends on uninitialised value(s)
==29430==    at 0x4852E44: memmove (in /usr/libexec/valgrind/vgpreload_memcheck-amd64-linux.so)
==29430==    by 0x11ADFE: Session::handle_Read(boost::system::error_code const&, unsigned long, std::shared_ptr<Session>) (session_v6.cpp:39)
==29430==    by 0x1296EC: void std::__invoke_impl<void, void (Session::*&)(boost::system::error_code const&, unsigned long, std::shared_ptr<Session>), Session*&, boost::system::error_code const&, unsigned long const&, std::shared_ptr<Session>&>(std::__invoke_memfun_deref, void (Session::*&)(boost::system::error_code const&, unsigned long, std::shared_ptr<Session>), Session*&, boost::system::error_code const&, unsigned long const&, std::shared_ptr<Session>&) (invoke.h:74)
==29430==    by 0x1291A0: std::__invoke_result<void (Session::*&)(boost::system::error_code const&, unsigned long, std::shared_ptr<Session>), Session*&, boost::system::error_code const&, unsigned long const&, std::shared_ptr<Session>&>::type std::__invoke<void (Session::*&)(boost::system::error_code const&, unsigned long, std::shared_ptr<Session>), Session*&, boost::system::error_code const&, unsigned long const&, std::shared_ptr<Session>&>(void (Session::*&)(boost::system::error_code const&, unsigned long, std::shared_ptr<Session>), Session*&, boost::system::error_code const&, unsigned long const&, std::shared_ptr<Session>&) (invoke.h:96)
==29430==    by 0x128C36: void std::_Bind<void (Session::*(Session*, std::_Placeholder<1>, std::_Placeholder<2>, std::shared_ptr<Session>))(boost::system::error_code const&, unsigned long, std::shared_ptr<Session>)>::__call<void, boost::system::error_code const&, unsigned long const&, 0ul, 1ul, 2ul, 3ul>(std::tuple<boost::system::error_code const&, unsigned long const&>&&, std::_Index_tuple<0ul, 1ul, 2ul, 3ul>) (functional:506)
==29430==    by 0x128342: void std::_Bind<void (Session::*(Session*, std::_Placeholder<1>, std::_Placeholder<2>, std::shared_ptr<Session>))(boost::system::error_code const&, unsigned long, std::shared_ptr<Session>)>::operator()<boost::system::error_code const&, unsigned long const&, void>(boost::system::error_code const&, unsigned long const&) (functional:591)
==29430==    by 0x127D94: boost::asio::detail::binder2<std::_Bind<void (Session::*(Session*, std::_Placeholder<1>, std::_Placeholder<2>, std::shared_ptr<Session>))(boost::system::error_code const&, unsigned long, std::shared_ptr<Session>)>, boost::system::error_code, unsigned long>::operator()() (bind_handler.hpp:289)
==29430==    by 0x127718: void boost::asio::asio_handler_invoke<boost::asio::detail::binder2<std::_Bind<void (Session::*(Session*, std::_Placeholder<1>, std::_Placeholder<2>, std::shared_ptr<Session>))(boost::system::error_code const&, unsigned long, std::shared_ptr<Session>)>, boost::system::error_code, unsigned long> >(boost::asio::detail::binder2<std::_Bind<void (Session::*(Session*, std::_Placeholder<1>, std::_Placeholder<2>, std::shared_ptr<Session>))(boost::system::error_code const&, unsigned long, std::shared_ptr<Session>)>, boost::system::error_code, unsigned long>&, ...) (handler_invoke_hook.hpp:88)
==29430==    by 0x1272F7: void boost_asio_handler_invoke_helpers::invoke<boost::asio::detail::binder2<std::_Bind<void (Session::*(Session*, std::_Placeholder<1>, std::_Placeholder<2>, std::shared_ptr<Session>))(boost::system::error_code const&, unsigned long, std::shared_ptr<Session>)>, boost::system::error_code, unsigned long>, std::_Bind<void (Session::*(Session*, std::_Placeholder<1>, std::_Placeholder<2>, std::shared_ptr<Session>))(boost::system::error_code const&, unsigned long, std::shared_ptr<Session>)> >(boost::asio::detail::binder2<std::_Bind<void (Session::*(Session*, std::_Placeholder<1>, std::_Placeholder<2>, std::shared_ptr<Session>))(boost::system::error_code const&, unsigned long, std::shared_ptr<Session>)>, boost::system::error_code, unsigned long>&, std::_Bind<void (Session::*(Session*, std::_Placeholder<1>, std::_Placeholder<2>, std::shared_ptr<Session>))(boost::system::error_code const&, unsigned long, std::shared_ptr<Session>)>&) (handler_invoke_helpers.hpp:54)
==29430==    by 0x1269C5: void boost::asio::detail::handler_work<std::_Bind<void (Session::*(Session*, std::_Placeholder<1>, std::_Placeholder<2>, std::shared_ptr<Session>))(boost::system::error_code const&, unsigned long, std::shared_ptr<Session>)>, boost::asio::any_io_executor, void>::complete<boost::asio::detail::binder2<std::_Bind<void (Session::*(Session*, std::_Placeholder<1>, std::_Placeholder<2>, std::shared_ptr<Session>))(boost::system::error_code const&, unsigned long, std::shared_ptr<Session>)>, boost::system::error_code, unsigned long> >(boost::asio::detail::binder2<std::_Bind<void (Session::*(Session*, std::_Placeholder<1>, std::_Placeholder<2>, std::shared_ptr<Session>))(boost::system::error_code const&, unsigned long, std::shared_ptr<Session>)>, boost::system::error_code, unsigned long>&, std::_Bind<void (Session::*(Session*, std::_Placeholder<1>, std::_Placeholder<2>, std::shared_ptr<Session>))(boost::system::error_code const&, unsigned long, std::shared_ptr<Session>)>&) (handler_work.hpp:524)
==29430==    by 0x126004: boost::asio::detail::reactive_socket_recv_op<boost::asio::mutable_buffers_1, std::_Bind<void (Session::*(Session*, std::_Placeholder<1>, std::_Placeholder<2>, std::shared_ptr<Session>))(boost::system::error_code const&, unsigned long, std::shared_ptr<Session>)>, boost::asio::any_io_executor>::do_complete(void*, boost::asio::detail::scheduler_operation*, boost::system::error_code const&, unsigned long) (reactive_socket_recv_op.hpp:152)
==29430==    by 0x113D2D: boost::asio::detail::scheduler_operation::complete(void*, boost::system::error_code const&, unsigned long) (scheduler_operation.hpp:40)
==29430==  Uninitialised value was created by a heap allocation
==29430==    at 0x4846FA3: operator new(unsigned long) (in /usr/libexec/valgrind/vgpreload_memcheck-amd64-linux.so)
==29430==    by 0x132E2B: std::__new_allocator<std::_Sp_counted_ptr_inplace<Msg_Node, std::allocator<void>, (__gnu_cxx::_Lock_policy)2> >::allocate(unsigned long, void const*) (new_allocator.h:151)
==29430==    by 0x13116B: allocate (alloc_traits.h:482)
==29430==    by 0x13116B: std::__allocated_ptr<std::allocator<std::_Sp_counted_ptr_inplace<Msg_Node, std::allocator<void>, (__gnu_cxx::_Lock_policy)2> > > std::__allocate_guarded<std::allocator<std::_Sp_counted_ptr_inplace<Msg_Node, std::allocator<void>, (__gnu_cxx::_Lock_policy)2> > >(std::allocator<std::_Sp_counted_ptr_inplace<Msg_Node, std::allocator<void>, (__gnu_cxx::_Lock_policy)2> >&) (allocated_ptr.h:98)
==29430==    by 0x1302E5: std::__shared_count<(__gnu_cxx::_Lock_policy)2>::__shared_count<Msg_Node, std::allocator<void>, int>(Msg_Node*&, std::_Sp_alloc_shared_tag<std::allocator<void> >, int&&) (shared_ptr_base.h:969)
==29430==    by 0x12F5E1: std::__shared_ptr<Msg_Node, (__gnu_cxx::_Lock_policy)2>::__shared_ptr<std::allocator<void>, int>(std::_Sp_alloc_shared_tag<std::allocator<void> >, int&&) (shared_ptr_base.h:1712)
==29430==    by 0x12EB66: std::shared_ptr<Msg_Node>::shared_ptr<std::allocator<void>, int>(std::_Sp_alloc_shared_tag<std::allocator<void> >, int&&) (shared_ptr.h:464)
==29430==    by 0x12DEB2: std::shared_ptr<std::enable_if<!std::is_array<Msg_Node>::value, Msg_Node>::type> std::make_shared<Msg_Node, int>(int&&) (shared_ptr.h:1010)
==29430==    by 0x12D517: Session::Session(boost::asio::io_context&, Server*) (session_v6.h:32)
==29430==    by 0x133BE6: void std::_Construct<Session, boost::asio::io_context&, Server*>(Session*, boost::asio::io_context&, Server*&&) (stl_construct.h:119)
==29430==    by 0x13165E: construct<Session, boost::asio::io_context&, Server*> (alloc_traits.h:661)
==29430==    by 0x13165E: std::_Sp_counted_ptr_inplace<Session, std::allocator<void>, (__gnu_cxx::_Lock_policy)2>::_Sp_counted_ptr_inplace<boost::asio::io_context&, Server*>(std::allocator<void>, boost::asio::io_context&, Server*&&) (shared_ptr_base.h:604)
==29430==    by 0x130787: std::__shared_count<(__gnu_cxx::_Lock_policy)2>::__shared_count<Session, std::allocator<void>, boost::asio::io_context&, Server*>(Session*&, std::_Sp_alloc_shared_tag<std::allocator<void> >, boost::asio::io_context&, Server*&&) (shared_ptr_base.h:971)
==29430==    by 0x12FC69: std::__shared_ptr<Session, (__gnu_cxx::_Lock_policy)2>::__shared_ptr<std::allocator<void>, boost::asio::io_context&, Server*>(std::_Sp_alloc_shared_tag<std::allocator<void> >, boost::asio::io_context&, Server*&&) (shared_ptr_base.h:1712)
==29430== 
==29430== Conditional jump or move depends on uninitialised value(s)
==29430==    at 0x4852E85: memmove (in /usr/libexec/valgrind/vgpreload_memcheck-amd64-linux.so)
==29430==    by 0x11ADFE: Session::handle_Read(boost::system::error_code const&, unsigned long, std::shared_ptr<Session>) (session_v6.cpp:39)
==29430==    by 0x1296EC: void std::__invoke_impl<void, void (Session::*&)(boost::system::error_code const&, unsigned long, std::shared_ptr<Session>), Session*&, boost::system::error_code const&, unsigned long const&, std::shared_ptr<Session>&>(std::__invoke_memfun_deref, void (Session::*&)(boost::system::error_code const&, unsigned long, std::shared_ptr<Session>), Session*&, boost::system::error_code const&, unsigned long const&, std::shared_ptr<Session>&) (invoke.h:74)
==29430==    by 0x1291A0: std::__invoke_result<void (Session::*&)(boost::system::error_code const&, unsigned long, std::shared_ptr<Session>), Session*&, boost::system::error_code const&, unsigned long const&, std::shared_ptr<Session>&>::type std::__invoke<void (Session::*&)(boost::system::error_code const&, unsigned long, std::shared_ptr<Session>), Session*&, boost::system::error_code const&, unsigned long const&, std::shared_ptr<Session>&>(void (Session::*&)(boost::system::error_code const&, unsigned long, std::shared_ptr<Session>), Session*&, boost::system::error_code const&, unsigned long const&, std::shared_ptr<Session>&) (invoke.h:96)
==29430==    by 0x128C36: void std::_Bind<void (Session::*(Session*, std::_Placeholder<1>, std::_Placeholder<2>, std::shared_ptr<Session>))(boost::system::error_code const&, unsigned long, std::shared_ptr<Session>)>::__call<void, boost::system::error_code const&, unsigned long const&, 0ul, 1ul, 2ul, 3ul>(std::tuple<boost::system::error_code const&, unsigned long const&>&&, std::_Index_tuple<0ul, 1ul, 2ul, 3ul>) (functional:506)
==29430==    by 0x128342: void std::_Bind<void (Session::*(Session*, std::_Placeholder<1>, std::_Placeholder<2>, std::shared_ptr<Session>))(boost::system::error_code const&, unsigned long, std::shared_ptr<Session>)>::operator()<boost::system::error_code const&, unsigned long const&, void>(boost::system::error_code const&, unsigned long const&) (functional:591)
==29430==    by 0x127D94: boost::asio::detail::binder2<std::_Bind<void (Session::*(Session*, std::_Placeholder<1>, std::_Placeholder<2>, std::shared_ptr<Session>))(boost::system::error_code const&, unsigned long, std::shared_ptr<Session>)>, boost::system::error_code, unsigned long>::operator()() (bind_handler.hpp:289)
==29430==    by 0x127718: void boost::asio::asio_handler_invoke<boost::asio::detail::binder2<std::_Bind<void (Session::*(Session*, std::_Placeholder<1>, std::_Placeholder<2>, std::shared_ptr<Session>))(boost::system::error_code const&, unsigned long, std::shared_ptr<Session>)>, boost::system::error_code, unsigned long> >(boost::asio::detail::binder2<std::_Bind<void (Session::*(Session*, std::_Placeholder<1>, std::_Placeholder<2>, std::shared_ptr<Session>))(boost::system::error_code const&, unsigned long, std::shared_ptr<Session>)>, boost::system::error_code, unsigned long>&, ...) (handler_invoke_hook.hpp:88)
==29430==    by 0x1272F7: void boost_asio_handler_invoke_helpers::invoke<boost::asio::detail::binder2<std::_Bind<void (Session::*(Session*, std::_Placeholder<1>, std::_Placeholder<2>, std::shared_ptr<Session>))(boost::system::error_code const&, unsigned long, std::shared_ptr<Session>)>, boost::system::error_code, unsigned long>, std::_Bind<void (Session::*(Session*, std::_Placeholder<1>, std::_Placeholder<2>, std::shared_ptr<Session>))(boost::system::error_code const&, unsigned long, std::shared_ptr<Session>)> >(boost::asio::detail::binder2<std::_Bind<void (Session::*(Session*, std::_Placeholder<1>, std::_Placeholder<2>, std::shared_ptr<Session>))(boost::system::error_code const&, unsigned long, std::shared_ptr<Session>)>, boost::system::error_code, unsigned long>&, std::_Bind<void (Session::*(Session*, std::_Placeholder<1>, std::_Placeholder<2>, std::shared_ptr<Session>))(boost::system::error_code const&, unsigned long, std::shared_ptr<Session>)>&) (handler_invoke_helpers.hpp:54)
==29430==    by 0x1269C5: void boost::asio::detail::handler_work<std::_Bind<void (Session::*(Session*, std::_Placeholder<1>, std::_Placeholder<2>, std::shared_ptr<Session>))(boost::system::error_code const&, unsigned long, std::shared_ptr<Session>)>, boost::asio::any_io_executor, void>::complete<boost::asio::detail::binder2<std::_Bind<void (Session::*(Session*, std::_Placeholder<1>, std::_Placeholder<2>, std::shared_ptr<Session>))(boost::system::error_code const&, unsigned long, std::shared_ptr<Session>)>, boost::system::error_code, unsigned long> >(boost::asio::detail::binder2<std::_Bind<void (Session::*(Session*, std::_Placeholder<1>, std::_Placeholder<2>, std::shared_ptr<Session>))(boost::system::error_code const&, unsigned long, std::shared_ptr<Session>)>, boost::system::error_code, unsigned long>&, std::_Bind<void (Session::*(Session*, std::_Placeholder<1>, std::_Placeholder<2>, std::shared_ptr<Session>))(boost::system::error_code const&, unsigned long, std::shared_ptr<Session>)>&) (handler_work.hpp:524)
==29430==    by 0x126004: boost::asio::detail::reactive_socket_recv_op<boost::asio::mutable_buffers_1, std::_Bind<void (Session::*(Session*, std::_Placeholder<1>, std::_Placeholder<2>, std::shared_ptr<Session>))(boost::system::error_code const&, unsigned long, std::shared_ptr<Session>)>, boost::asio::any_io_executor>::do_complete(void*, boost::asio::detail::scheduler_operation*, boost::system::error_code const&, unsigned long) (reactive_socket_recv_op.hpp:152)
==29430==    by 0x113D2D: boost::asio::detail::scheduler_operation::complete(void*, boost::system::error_code const&, unsigned long) (scheduler_operation.hpp:40)
==29430==  Uninitialised value was created by a heap allocation
==29430==    at 0x4846FA3: operator new(unsigned long) (in /usr/libexec/valgrind/vgpreload_memcheck-amd64-linux.so)
==29430==    by 0x132E2B: std::__new_allocator<std::_Sp_counted_ptr_inplace<Msg_Node, std::allocator<void>, (__gnu_cxx::_Lock_policy)2> >::allocate(unsigned long, void const*) (new_allocator.h:151)
==29430==    by 0x13116B: allocate (alloc_traits.h:482)
==29430==    by 0x13116B: std::__allocated_ptr<std::allocator<std::_Sp_counted_ptr_inplace<Msg_Node, std::allocator<void>, (__gnu_cxx::_Lock_policy)2> > > std::__allocate_guarded<std::allocator<std::_Sp_counted_ptr_inplace<Msg_Node, std::allocator<void>, (__gnu_cxx::_Lock_policy)2> > >(std::allocator<std::_Sp_counted_ptr_inplace<Msg_Node, std::allocator<void>, (__gnu_cxx::_Lock_policy)2> >&) (allocated_ptr.h:98)
==29430==    by 0x1302E5: std::__shared_count<(__gnu_cxx::_Lock_policy)2>::__shared_count<Msg_Node, std::allocator<void>, int>(Msg_Node*&, std::_Sp_alloc_shared_tag<std::allocator<void> >, int&&) (shared_ptr_base.h:969)
==29430==    by 0x12F5E1: std::__shared_ptr<Msg_Node, (__gnu_cxx::_Lock_policy)2>::__shared_ptr<std::allocator<void>, int>(std::_Sp_alloc_shared_tag<std::allocator<void> >, int&&) (shared_ptr_base.h:1712)
==29430==    by 0x12EB66: std::shared_ptr<Msg_Node>::shared_ptr<std::allocator<void>, int>(std::_Sp_alloc_shared_tag<std::allocator<void> >, int&&) (shared_ptr.h:464)
==29430==    by 0x12DEB2: std::shared_ptr<std::enable_if<!std::is_array<Msg_Node>::value, Msg_Node>::type> std::make_shared<Msg_Node, int>(int&&) (shared_ptr.h:1010)
==29430==    by 0x12D517: Session::Session(boost::asio::io_context&, Server*) (session_v6.h:32)
==29430==    by 0x133BE6: void std::_Construct<Session, boost::asio::io_context&, Server*>(Session*, boost::asio::io_context&, Server*&&) (stl_construct.h:119)
==29430==    by 0x13165E: construct<Session, boost::asio::io_context&, Server*> (alloc_traits.h:661)
==29430==    by 0x13165E: std::_Sp_counted_ptr_inplace<Session, std::allocator<void>, (__gnu_cxx::_Lock_policy)2>::_Sp_counted_ptr_inplace<boost::asio::io_context&, Server*>(std::allocator<void>, boost::asio::io_context&, Server*&&) (shared_ptr_base.h:604)
==29430==    by 0x130787: std::__shared_count<(__gnu_cxx::_Lock_policy)2>::__shared_count<Session, std::allocator<void>, boost::asio::io_context&, Server*>(Session*&, std::_Sp_alloc_shared_tag<std::allocator<void> >, boost::asio::io_context&, Server*&&) (shared_ptr_base.h:971)
==29430==    by 0x12FC69: std::__shared_ptr<Session, (__gnu_cxx::_Lock_policy)2>::__shared_ptr<std::allocator<void>, boost::asio::io_context&, Server*>(std::_Sp_alloc_shared_tag<std::allocator<void> >, boost::asio::io_context&, Server*&&) (shared_ptr_base.h:1712)
==29430== 
==29430== Conditional jump or move depends on uninitialised value(s)
==29430==    at 0x4852E96: memmove (in /usr/libexec/valgrind/vgpreload_memcheck-amd64-linux.so)
==29430==    by 0x11ADFE: Session::handle_Read(boost::system::error_code const&, unsigned long, std::shared_ptr<Session>) (session_v6.cpp:39)
==29430==    by 0x1296EC: void std::__invoke_impl<void, void (Session::*&)(boost::system::error_code const&, unsigned long, std::shared_ptr<Session>), Session*&, boost::system::error_code const&, unsigned long const&, std::shared_ptr<Session>&>(std::__invoke_memfun_deref, void (Session::*&)(boost::system::error_code const&, unsigned long, std::shared_ptr<Session>), Session*&, boost::system::error_code const&, unsigned long const&, std::shared_ptr<Session>&) (invoke.h:74)
==29430==    by 0x1291A0: std::__invoke_result<void (Session::*&)(boost::system::error_code const&, unsigned long, std::shared_ptr<Session>), Session*&, boost::system::error_code const&, unsigned long const&, std::shared_ptr<Session>&>::type std::__invoke<void (Session::*&)(boost::system::error_code const&, unsigned long, std::shared_ptr<Session>), Session*&, boost::system::error_code const&, unsigned long const&, std::shared_ptr<Session>&>(void (Session::*&)(boost::system::error_code const&, unsigned long, std::shared_ptr<Session>), Session*&, boost::system::error_code const&, unsigned long const&, std::shared_ptr<Session>&) (invoke.h:96)
==29430==    by 0x128C36: void std::_Bind<void (Session::*(Session*, std::_Placeholder<1>, std::_Placeholder<2>, std::shared_ptr<Session>))(boost::system::error_code const&, unsigned long, std::shared_ptr<Session>)>::__call<void, boost::system::error_code const&, unsigned long const&, 0ul, 1ul, 2ul, 3ul>(std::tuple<boost::system::error_code const&, unsigned long const&>&&, std::_Index_tuple<0ul, 1ul, 2ul, 3ul>) (functional:506)
==29430==    by 0x128342: void std::_Bind<void (Session::*(Session*, std::_Placeholder<1>, std::_Placeholder<2>, std::shared_ptr<Session>))(boost::system::error_code const&, unsigned long, std::shared_ptr<Session>)>::operator()<boost::system::error_code const&, unsigned long const&, void>(boost::system::error_code const&, unsigned long const&) (functional:591)
==29430==    by 0x127D94: boost::asio::detail::binder2<std::_Bind<void (Session::*(Session*, std::_Placeholder<1>, std::_Placeholder<2>, std::shared_ptr<Session>))(boost::system::error_code const&, unsigned long, std::shared_ptr<Session>)>, boost::system::error_code, unsigned long>::operator()() (bind_handler.hpp:289)
==29430==    by 0x127718: void boost::asio::asio_handler_invoke<boost::asio::detail::binder2<std::_Bind<void (Session::*(Session*, std::_Placeholder<1>, std::_Placeholder<2>, std::shared_ptr<Session>))(boost::system::error_code const&, unsigned long, std::shared_ptr<Session>)>, boost::system::error_code, unsigned long> >(boost::asio::detail::binder2<std::_Bind<void (Session::*(Session*, std::_Placeholder<1>, std::_Placeholder<2>, std::shared_ptr<Session>))(boost::system::error_code const&, unsigned long, std::shared_ptr<Session>)>, boost::system::error_code, unsigned long>&, ...) (handler_invoke_hook.hpp:88)
==29430==    by 0x1272F7: void boost_asio_handler_invoke_helpers::invoke<boost::asio::detail::binder2<std::_Bind<void (Session::*(Session*, std::_Placeholder<1>, std::_Placeholder<2>, std::shared_ptr<Session>))(boost::system::error_code const&, unsigned long, std::shared_ptr<Session>)>, boost::system::error_code, unsigned long>, std::_Bind<void (Session::*(Session*, std::_Placeholder<1>, std::_Placeholder<2>, std::shared_ptr<Session>))(boost::system::error_code const&, unsigned long, std::shared_ptr<Session>)> >(boost::asio::detail::binder2<std::_Bind<void (Session::*(Session*, std::_Placeholder<1>, std::_Placeholder<2>, std::shared_ptr<Session>))(boost::system::error_code const&, unsigned long, std::shared_ptr<Session>)>, boost::system::error_code, unsigned long>&, std::_Bind<void (Session::*(Session*, std::_Placeholder<1>, std::_Placeholder<2>, std::shared_ptr<Session>))(boost::system::error_code const&, unsigned long, std::shared_ptr<Session>)>&) (handler_invoke_helpers.hpp:54)
==29430==    by 0x1269C5: void boost::asio::detail::handler_work<std::_Bind<void (Session::*(Session*, std::_Placeholder<1>, std::_Placeholder<2>, std::shared_ptr<Session>))(boost::system::error_code const&, unsigned long, std::shared_ptr<Session>)>, boost::asio::any_io_executor, void>::complete<boost::asio::detail::binder2<std::_Bind<void (Session::*(Session*, std::_Placeholder<1>, std::_Placeholder<2>, std::shared_ptr<Session>))(boost::system::error_code const&, unsigned long, std::shared_ptr<Session>)>, boost::system::error_code, unsigned long> >(boost::asio::detail::binder2<std::_Bind<void (Session::*(Session*, std::_Placeholder<1>, std::_Placeholder<2>, std::shared_ptr<Session>))(boost::system::error_code const&, unsigned long, std::shared_ptr<Session>)>, boost::system::error_code, unsigned long>&, std::_Bind<void (Session::*(Session*, std::_Placeholder<1>, std::_Placeholder<2>, std::shared_ptr<Session>))(boost::system::error_code const&, unsigned long, std::shared_ptr<Session>)>&) (handler_work.hpp:524)
==29430==    by 0x126004: boost::asio::detail::reactive_socket_recv_op<boost::asio::mutable_buffers_1, std::_Bind<void (Session::*(Session*, std::_Placeholder<1>, std::_Placeholder<2>, std::shared_ptr<Session>))(boost::system::error_code const&, unsigned long, std::shared_ptr<Session>)>, boost::asio::any_io_executor>::do_complete(void*, boost::asio::detail::scheduler_operation*, boost::system::error_code const&, unsigned long) (reactive_socket_recv_op.hpp:152)
==29430==    by 0x113D2D: boost::asio::detail::scheduler_operation::complete(void*, boost::system::error_code const&, unsigned long) (scheduler_operation.hpp:40)
==29430==  Uninitialised value was created by a heap allocation
==29430==    at 0x4846FA3: operator new(unsigned long) (in /usr/libexec/valgrind/vgpreload_memcheck-amd64-linux.so)
==29430==    by 0x132E2B: std::__new_allocator<std::_Sp_counted_ptr_inplace<Msg_Node, std::allocator<void>, (__gnu_cxx::_Lock_policy)2> >::allocate(unsigned long, void const*) (new_allocator.h:151)
==29430==    by 0x13116B: allocate (alloc_traits.h:482)
==29430==    by 0x13116B: std::__allocated_ptr<std::allocator<std::_Sp_counted_ptr_inplace<Msg_Node, std::allocator<void>, (__gnu_cxx::_Lock_policy)2> > > std::__allocate_guarded<std::allocator<std::_Sp_counted_ptr_inplace<Msg_Node, std::allocator<void>, (__gnu_cxx::_Lock_policy)2> > >(std::allocator<std::_Sp_counted_ptr_inplace<Msg_Node, std::allocator<void>, (__gnu_cxx::_Lock_policy)2> >&) (allocated_ptr.h:98)
==29430==    by 0x1302E5: std::__shared_count<(__gnu_cxx::_Lock_policy)2>::__shared_count<Msg_Node, std::allocator<void>, int>(Msg_Node*&, std::_Sp_alloc_shared_tag<std::allocator<void> >, int&&) (shared_ptr_base.h:969)
==29430==    by 0x12F5E1: std::__shared_ptr<Msg_Node, (__gnu_cxx::_Lock_policy)2>::__shared_ptr<std::allocator<void>, int>(std::_Sp_alloc_shared_tag<std::allocator<void> >, int&&) (shared_ptr_base.h:1712)
==29430==    by 0x12EB66: std::shared_ptr<Msg_Node>::shared_ptr<std::allocator<void>, int>(std::_Sp_alloc_shared_tag<std::allocator<void> >, int&&) (shared_ptr.h:464)
==29430==    by 0x12DEB2: std::shared_ptr<std::enable_if<!std::is_array<Msg_Node>::value, Msg_Node>::type> std::make_shared<Msg_Node, int>(int&&) (shared_ptr.h:1010)
==29430==    by 0x12D517: Session::Session(boost::asio::io_context&, Server*) (session_v6.h:32)
==29430==    by 0x133BE6: void std::_Construct<Session, boost::asio::io_context&, Server*>(Session*, boost::asio::io_context&, Server*&&) (stl_construct.h:119)
==29430==    by 0x13165E: construct<Session, boost::asio::io_context&, Server*> (alloc_traits.h:661)
==29430==    by 0x13165E: std::_Sp_counted_ptr_inplace<Session, std::allocator<void>, (__gnu_cxx::_Lock_policy)2>::_Sp_counted_ptr_inplace<boost::asio::io_context&, Server*>(std::allocator<void>, boost::asio::io_context&, Server*&&) (shared_ptr_base.h:604)
==29430==    by 0x130787: std::__shared_count<(__gnu_cxx::_Lock_policy)2>::__shared_count<Session, std::allocator<void>, boost::asio::io_context&, Server*>(Session*&, std::_Sp_alloc_shared_tag<std::allocator<void> >, boost::asio::io_context&, Server*&&) (shared_ptr_base.h:971)
==29430==    by 0x12FC69: std::__shared_ptr<Session, (__gnu_cxx::_Lock_policy)2>::__shared_ptr<std::allocator<void>, boost::asio::io_context&, Server*>(std::_Sp_alloc_shared_tag<std::allocator<void> >, boost::asio::io_context&, Server*&&) (shared_ptr_base.h:1712)
==29430== 
==29430== Use of uninitialised value of size 8
==29430==    at 0x4852EB3: memmove (in /usr/libexec/valgrind/vgpreload_memcheck-amd64-linux.so)
==29430==    by 0x11ADFE: Session::handle_Read(boost::system::error_code const&, unsigned long, std::shared_ptr<Session>) (session_v6.cpp:39)
==29430==    by 0x1296EC: void std::__invoke_impl<void, void (Session::*&)(boost::system::error_code const&, unsigned long, std::shared_ptr<Session>), Session*&, boost::system::error_code const&, unsigned long const&, std::shared_ptr<Session>&>(std::__invoke_memfun_deref, void (Session::*&)(boost::system::error_code const&, unsigned long, std::shared_ptr<Session>), Session*&, boost::system::error_code const&, unsigned long const&, std::shared_ptr<Session>&) (invoke.h:74)
==29430==    by 0x1291A0: std::__invoke_result<void (Session::*&)(boost::system::error_code const&, unsigned long, std::shared_ptr<Session>), Session*&, boost::system::error_code const&, unsigned long const&, std::shared_ptr<Session>&>::type std::__invoke<void (Session::*&)(boost::system::error_code const&, unsigned long, std::shared_ptr<Session>), Session*&, boost::system::error_code const&, unsigned long const&, std::shared_ptr<Session>&>(void (Session::*&)(boost::system::error_code const&, unsigned long, std::shared_ptr<Session>), Session*&, boost::system::error_code const&, unsigned long const&, std::shared_ptr<Session>&) (invoke.h:96)
==29430==    by 0x128C36: void std::_Bind<void (Session::*(Session*, std::_Placeholder<1>, std::_Placeholder<2>, std::shared_ptr<Session>))(boost::system::error_code const&, unsigned long, std::shared_ptr<Session>)>::__call<void, boost::system::error_code const&, unsigned long const&, 0ul, 1ul, 2ul, 3ul>(std::tuple<boost::system::error_code const&, unsigned long const&>&&, std::_Index_tuple<0ul, 1ul, 2ul, 3ul>) (functional:506)
==29430==    by 0x128342: void std::_Bind<void (Session::*(Session*, std::_Placeholder<1>, std::_Placeholder<2>, std::shared_ptr<Session>))(boost::system::error_code const&, unsigned long, std::shared_ptr<Session>)>::operator()<boost::system::error_code const&, unsigned long const&, void>(boost::system::error_code const&, unsigned long const&) (functional:591)
==29430==    by 0x127D94: boost::asio::detail::binder2<std::_Bind<void (Session::*(Session*, std::_Placeholder<1>, std::_Placeholder<2>, std::shared_ptr<Session>))(boost::system::error_code const&, unsigned long, std::shared_ptr<Session>)>, boost::system::error_code, unsigned long>::operator()() (bind_handler.hpp:289)
==29430==    by 0x127718: void boost::asio::asio_handler_invoke<boost::asio::detail::binder2<std::_Bind<void (Session::*(Session*, std::_Placeholder<1>, std::_Placeholder<2>, std::shared_ptr<Session>))(boost::system::error_code const&, unsigned long, std::shared_ptr<Session>)>, boost::system::error_code, unsigned long> >(boost::asio::detail::binder2<std::_Bind<void (Session::*(Session*, std::_Placeholder<1>, std::_Placeholder<2>, std::shared_ptr<Session>))(boost::system::error_code const&, unsigned long, std::shared_ptr<Session>)>, boost::system::error_code, unsigned long>&, ...) (handler_invoke_hook.hpp:88)
==29430==    by 0x1272F7: void boost_asio_handler_invoke_helpers::invoke<boost::asio::detail::binder2<std::_Bind<void (Session::*(Session*, std::_Placeholder<1>, std::_Placeholder<2>, std::shared_ptr<Session>))(boost::system::error_code const&, unsigned long, std::shared_ptr<Session>)>, boost::system::error_code, unsigned long>, std::_Bind<void (Session::*(Session*, std::_Placeholder<1>, std::_Placeholder<2>, std::shared_ptr<Session>))(boost::system::error_code const&, unsigned long, std::shared_ptr<Session>)> >(boost::asio::detail::binder2<std::_Bind<void (Session::*(Session*, std::_Placeholder<1>, std::_Placeholder<2>, std::shared_ptr<Session>))(boost::system::error_code const&, unsigned long, std::shared_ptr<Session>)>, boost::system::error_code, unsigned long>&, std::_Bind<void (Session::*(Session*, std::_Placeholder<1>, std::_Placeholder<2>, std::shared_ptr<Session>))(boost::system::error_code const&, unsigned long, std::shared_ptr<Session>)>&) (handler_invoke_helpers.hpp:54)
==29430==    by 0x1269C5: void boost::asio::detail::handler_work<std::_Bind<void (Session::*(Session*, std::_Placeholder<1>, std::_Placeholder<2>, std::shared_ptr<Session>))(boost::system::error_code const&, unsigned long, std::shared_ptr<Session>)>, boost::asio::any_io_executor, void>::complete<boost::asio::detail::binder2<std::_Bind<void (Session::*(Session*, std::_Placeholder<1>, std::_Placeholder<2>, std::shared_ptr<Session>))(boost::system::error_code const&, unsigned long, std::shared_ptr<Session>)>, boost::system::error_code, unsigned long> >(boost::asio::detail::binder2<std::_Bind<void (Session::*(Session*, std::_Placeholder<1>, std::_Placeholder<2>, std::shared_ptr<Session>))(boost::system::error_code const&, unsigned long, std::shared_ptr<Session>)>, boost::system::error_code, unsigned long>&, std::_Bind<void (Session::*(Session*, std::_Placeholder<1>, std::_Placeholder<2>, std::shared_ptr<Session>))(boost::system::error_code const&, unsigned long, std::shared_ptr<Session>)>&) (handler_work.hpp:524)
==29430==    by 0x126004: boost::asio::detail::reactive_socket_recv_op<boost::asio::mutable_buffers_1, std::_Bind<void (Session::*(Session*, std::_Placeholder<1>, std::_Placeholder<2>, std::shared_ptr<Session>))(boost::system::error_code const&, unsigned long, std::shared_ptr<Session>)>, boost::asio::any_io_executor>::do_complete(void*, boost::asio::detail::scheduler_operation*, boost::system::error_code const&, unsigned long) (reactive_socket_recv_op.hpp:152)
==29430==    by 0x113D2D: boost::asio::detail::scheduler_operation::complete(void*, boost::system::error_code const&, unsigned long) (scheduler_operation.hpp:40)
==29430==  Uninitialised value was created by a heap allocation
==29430==    at 0x4846FA3: operator new(unsigned long) (in /usr/libexec/valgrind/vgpreload_memcheck-amd64-linux.so)
==29430==    by 0x132E2B: std::__new_allocator<std::_Sp_counted_ptr_inplace<Msg_Node, std::allocator<void>, (__gnu_cxx::_Lock_policy)2> >::allocate(unsigned long, void const*) (new_allocator.h:151)
==29430==    by 0x13116B: allocate (alloc_traits.h:482)
==29430==    by 0x13116B: std::__allocated_ptr<std::allocator<std::_Sp_counted_ptr_inplace<Msg_Node, std::allocator<void>, (__gnu_cxx::_Lock_policy)2> > > std::__allocate_guarded<std::allocator<std::_Sp_counted_ptr_inplace<Msg_Node, std::allocator<void>, (__gnu_cxx::_Lock_policy)2> > >(std::allocator<std::_Sp_counted_ptr_inplace<Msg_Node, std::allocator<void>, (__gnu_cxx::_Lock_policy)2> >&) (allocated_ptr.h:98)
==29430==    by 0x1302E5: std::__shared_count<(__gnu_cxx::_Lock_policy)2>::__shared_count<Msg_Node, std::allocator<void>, int>(Msg_Node*&, std::_Sp_alloc_shared_tag<std::allocator<void> >, int&&) (shared_ptr_base.h:969)
==29430==    by 0x12F5E1: std::__shared_ptr<Msg_Node, (__gnu_cxx::_Lock_policy)2>::__shared_ptr<std::allocator<void>, int>(std::_Sp_alloc_shared_tag<std::allocator<void> >, int&&) (shared_ptr_base.h:1712)
==29430==    by 0x12EB66: std::shared_ptr<Msg_Node>::shared_ptr<std::allocator<void>, int>(std::_Sp_alloc_shared_tag<std::allocator<void> >, int&&) (shared_ptr.h:464)
==29430==    by 0x12DEB2: std::shared_ptr<std::enable_if<!std::is_array<Msg_Node>::value, Msg_Node>::type> std::make_shared<Msg_Node, int>(int&&) (shared_ptr.h:1010)
==29430==    by 0x12D517: Session::Session(boost::asio::io_context&, Server*) (session_v6.h:32)
==29430==    by 0x133BE6: void std::_Construct<Session, boost::asio::io_context&, Server*>(Session*, boost::asio::io_context&, Server*&&) (stl_construct.h:119)
==29430==    by 0x13165E: construct<Session, boost::asio::io_context&, Server*> (alloc_traits.h:661)
==29430==    by 0x13165E: std::_Sp_counted_ptr_inplace<Session, std::allocator<void>, (__gnu_cxx::_Lock_policy)2>::_Sp_counted_ptr_inplace<boost::asio::io_context&, Server*>(std::allocator<void>, boost::asio::io_context&, Server*&&) (shared_ptr_base.h:604)
==29430==    by 0x130787: std::__shared_count<(__gnu_cxx::_Lock_policy)2>::__shared_count<Session, std::allocator<void>, boost::asio::io_context&, Server*>(Session*&, std::_Sp_alloc_shared_tag<std::allocator<void> >, boost::asio::io_context&, Server*&&) (shared_ptr_base.h:971)
==29430==    by 0x12FC69: std::__shared_ptr<Session, (__gnu_cxx::_Lock_policy)2>::__shared_ptr<std::allocator<void>, boost::asio::io_context&, Server*>(std::_Sp_alloc_shared_tag<std::allocator<void> >, boost::asio::io_context&, Server*&&) (shared_ptr_base.h:1712)
==29430== 
==29430== Conditional jump or move depends on uninitialised value(s)
==29430==    at 0x4852EBF: memmove (in /usr/libexec/valgrind/vgpreload_memcheck-amd64-linux.so)
==29430==    by 0x11ADFE: Session::handle_Read(boost::system::error_code const&, unsigned long, std::shared_ptr<Session>) (session_v6.cpp:39)
==29430==    by 0x1296EC: void std::__invoke_impl<void, void (Session::*&)(boost::system::error_code const&, unsigned long, std::shared_ptr<Session>), Session*&, boost::system::error_code const&, unsigned long const&, std::shared_ptr<Session>&>(std::__invoke_memfun_deref, void (Session::*&)(boost::system::error_code const&, unsigned long, std::shared_ptr<Session>), Session*&, boost::system::error_code const&, unsigned long const&, std::shared_ptr<Session>&) (invoke.h:74)
==29430==    by 0x1291A0: std::__invoke_result<void (Session::*&)(boost::system::error_code const&, unsigned long, std::shared_ptr<Session>), Session*&, boost::system::error_code const&, unsigned long const&, std::shared_ptr<Session>&>::type std::__invoke<void (Session::*&)(boost::system::error_code const&, unsigned long, std::shared_ptr<Session>), Session*&, boost::system::error_code const&, unsigned long const&, std::shared_ptr<Session>&>(void (Session::*&)(boost::system::error_code const&, unsigned long, std::shared_ptr<Session>), Session*&, boost::system::error_code const&, unsigned long const&, std::shared_ptr<Session>&) (invoke.h:96)
==29430==    by 0x128C36: void std::_Bind<void (Session::*(Session*, std::_Placeholder<1>, std::_Placeholder<2>, std::shared_ptr<Session>))(boost::system::error_code const&, unsigned long, std::shared_ptr<Session>)>::__call<void, boost::system::error_code const&, unsigned long const&, 0ul, 1ul, 2ul, 3ul>(std::tuple<boost::system::error_code const&, unsigned long const&>&&, std::_Index_tuple<0ul, 1ul, 2ul, 3ul>) (functional:506)
==29430==    by 0x128342: void std::_Bind<void (Session::*(Session*, std::_Placeholder<1>, std::_Placeholder<2>, std::shared_ptr<Session>))(boost::system::error_code const&, unsigned long, std::shared_ptr<Session>)>::operator()<boost::system::error_code const&, unsigned long const&, void>(boost::system::error_code const&, unsigned long const&) (functional:591)
==29430==    by 0x127D94: boost::asio::detail::binder2<std::_Bind<void (Session::*(Session*, std::_Placeholder<1>, std::_Placeholder<2>, std::shared_ptr<Session>))(boost::system::error_code const&, unsigned long, std::shared_ptr<Session>)>, boost::system::error_code, unsigned long>::operator()() (bind_handler.hpp:289)
==29430==    by 0x127718: void boost::asio::asio_handler_invoke<boost::asio::detail::binder2<std::_Bind<void (Session::*(Session*, std::_Placeholder<1>, std::_Placeholder<2>, std::shared_ptr<Session>))(boost::system::error_code const&, unsigned long, std::shared_ptr<Session>)>, boost::system::error_code, unsigned long> >(boost::asio::detail::binder2<std::_Bind<void (Session::*(Session*, std::_Placeholder<1>, std::_Placeholder<2>, std::shared_ptr<Session>))(boost::system::error_code const&, unsigned long, std::shared_ptr<Session>)>, boost::system::error_code, unsigned long>&, ...) (handler_invoke_hook.hpp:88)
==29430==    by 0x1272F7: void boost_asio_handler_invoke_helpers::invoke<boost::asio::detail::binder2<std::_Bind<void (Session::*(Session*, std::_Placeholder<1>, std::_Placeholder<2>, std::shared_ptr<Session>))(boost::system::error_code const&, unsigned long, std::shared_ptr<Session>)>, boost::system::error_code, unsigned long>, std::_Bind<void (Session::*(Session*, std::_Placeholder<1>, std::_Placeholder<2>, std::shared_ptr<Session>))(boost::system::error_code const&, unsigned long, std::shared_ptr<Session>)> >(boost::asio::detail::binder2<std::_Bind<void (Session::*(Session*, std::_Placeholder<1>, std::_Placeholder<2>, std::shared_ptr<Session>))(boost::system::error_code const&, unsigned long, std::shared_ptr<Session>)>, boost::system::error_code, unsigned long>&, std::_Bind<void (Session::*(Session*, std::_Placeholder<1>, std::_Placeholder<2>, std::shared_ptr<Session>))(boost::system::error_code const&, unsigned long, std::shared_ptr<Session>)>&) (handler_invoke_helpers.hpp:54)
==29430==    by 0x1269C5: void boost::asio::detail::handler_work<std::_Bind<void (Session::*(Session*, std::_Placeholder<1>, std::_Placeholder<2>, std::shared_ptr<Session>))(boost::system::error_code const&, unsigned long, std::shared_ptr<Session>)>, boost::asio::any_io_executor, void>::complete<boost::asio::detail::binder2<std::_Bind<void (Session::*(Session*, std::_Placeholder<1>, std::_Placeholder<2>, std::shared_ptr<Session>))(boost::system::error_code const&, unsigned long, std::shared_ptr<Session>)>, boost::system::error_code, unsigned long> >(boost::asio::detail::binder2<std::_Bind<void (Session::*(Session*, std::_Placeholder<1>, std::_Placeholder<2>, std::shared_ptr<Session>))(boost::system::error_code const&, unsigned long, std::shared_ptr<Session>)>, boost::system::error_code, unsigned long>&, std::_Bind<void (Session::*(Session*, std::_Placeholder<1>, std::_Placeholder<2>, std::shared_ptr<Session>))(boost::system::error_code const&, unsigned long, std::shared_ptr<Session>)>&) (handler_work.hpp:524)
==29430==    by 0x126004: boost::asio::detail::reactive_socket_recv_op<boost::asio::mutable_buffers_1, std::_Bind<void (Session::*(Session*, std::_Placeholder<1>, std::_Placeholder<2>, std::shared_ptr<Session>))(boost::system::error_code const&, unsigned long, std::shared_ptr<Session>)>, boost::asio::any_io_executor>::do_complete(void*, boost::asio::detail::scheduler_operation*, boost::system::error_code const&, unsigned long) (reactive_socket_recv_op.hpp:152)
==29430==    by 0x113D2D: boost::asio::detail::scheduler_operation::complete(void*, boost::system::error_code const&, unsigned long) (scheduler_operation.hpp:40)
==29430==  Uninitialised value was created by a heap allocation
==29430==    at 0x4846FA3: operator new(unsigned long) (in /usr/libexec/valgrind/vgpreload_memcheck-amd64-linux.so)
==29430==    by 0x132E2B: std::__new_allocator<std::_Sp_counted_ptr_inplace<Msg_Node, std::allocator<void>, (__gnu_cxx::_Lock_policy)2> >::allocate(unsigned long, void const*) (new_allocator.h:151)
==29430==    by 0x13116B: allocate (alloc_traits.h:482)
==29430==    by 0x13116B: std::__allocated_ptr<std::allocator<std::_Sp_counted_ptr_inplace<Msg_Node, std::allocator<void>, (__gnu_cxx::_Lock_policy)2> > > std::__allocate_guarded<std::allocator<std::_Sp_counted_ptr_inplace<Msg_Node, std::allocator<void>, (__gnu_cxx::_Lock_policy)2> > >(std::allocator<std::_Sp_counted_ptr_inplace<Msg_Node, std::allocator<void>, (__gnu_cxx::_Lock_policy)2> >&) (allocated_ptr.h:98)
==29430==    by 0x1302E5: std::__shared_count<(__gnu_cxx::_Lock_policy)2>::__shared_count<Msg_Node, std::allocator<void>, int>(Msg_Node*&, std::_Sp_alloc_shared_tag<std::allocator<void> >, int&&) (shared_ptr_base.h:969)
==29430==    by 0x12F5E1: std::__shared_ptr<Msg_Node, (__gnu_cxx::_Lock_policy)2>::__shared_ptr<std::allocator<void>, int>(std::_Sp_alloc_shared_tag<std::allocator<void> >, int&&) (shared_ptr_base.h:1712)
==29430==    by 0x12EB66: std::shared_ptr<Msg_Node>::shared_ptr<std::allocator<void>, int>(std::_Sp_alloc_shared_tag<std::allocator<void> >, int&&) (shared_ptr.h:464)
==29430==    by 0x12DEB2: std::shared_ptr<std::enable_if<!std::is_array<Msg_Node>::value, Msg_Node>::type> std::make_shared<Msg_Node, int>(int&&) (shared_ptr.h:1010)
==29430==    by 0x12D517: Session::Session(boost::asio::io_context&, Server*) (session_v6.h:32)
==29430==    by 0x133BE6: void std::_Construct<Session, boost::asio::io_context&, Server*>(Session*, boost::asio::io_context&, Server*&&) (stl_construct.h:119)
==29430==    by 0x13165E: construct<Session, boost::asio::io_context&, Server*> (alloc_traits.h:661)
==29430==    by 0x13165E: std::_Sp_counted_ptr_inplace<Session, std::allocator<void>, (__gnu_cxx::_Lock_policy)2>::_Sp_counted_ptr_inplace<boost::asio::io_context&, Server*>(std::allocator<void>, boost::asio::io_context&, Server*&&) (shared_ptr_base.h:604)
==29430==    by 0x130787: std::__shared_count<(__gnu_cxx::_Lock_policy)2>::__shared_count<Session, std::allocator<void>, boost::asio::io_context&, Server*>(Session*&, std::_Sp_alloc_shared_tag<std::allocator<void> >, boost::asio::io_context&, Server*&&) (shared_ptr_base.h:971)
==29430==    by 0x12FC69: std::__shared_ptr<Session, (__gnu_cxx::_Lock_policy)2>::__shared_ptr<std::allocator<void>, boost::asio::io_context&, Server*>(std::_Sp_alloc_shared_tag<std::allocator<void> >, boost::asio::io_context&, Server*&&) (shared_ptr_base.h:1712)
==29430== 
==29430== Conditional jump or move depends on uninitialised value(s)
==29430==    at 0x4852ED2: memmove (in /usr/libexec/valgrind/vgpreload_memcheck-amd64-linux.so)
==29430==    by 0x11ADFE: Session::handle_Read(boost::system::error_code const&, unsigned long, std::shared_ptr<Session>) (session_v6.cpp:39)
==29430==    by 0x1296EC: void std::__invoke_impl<void, void (Session::*&)(boost::system::error_code const&, unsigned long, std::shared_ptr<Session>), Session*&, boost::system::error_code const&, unsigned long const&, std::shared_ptr<Session>&>(std::__invoke_memfun_deref, void (Session::*&)(boost::system::error_code const&, unsigned long, std::shared_ptr<Session>), Session*&, boost::system::error_code const&, unsigned long const&, std::shared_ptr<Session>&) (invoke.h:74)
==29430==    by 0x1291A0: std::__invoke_result<void (Session::*&)(boost::system::error_code const&, unsigned long, std::shared_ptr<Session>), Session*&, boost::system::error_code const&, unsigned long const&, std::shared_ptr<Session>&>::type std::__invoke<void (Session::*&)(boost::system::error_code const&, unsigned long, std::shared_ptr<Session>), Session*&, boost::system::error_code const&, unsigned long const&, std::shared_ptr<Session>&>(void (Session::*&)(boost::system::error_code const&, unsigned long, std::shared_ptr<Session>), Session*&, boost::system::error_code const&, unsigned long const&, std::shared_ptr<Session>&) (invoke.h:96)
==29430==    by 0x128C36: void std::_Bind<void (Session::*(Session*, std::_Placeholder<1>, std::_Placeholder<2>, std::shared_ptr<Session>))(boost::system::error_code const&, unsigned long, std::shared_ptr<Session>)>::__call<void, boost::system::error_code const&, unsigned long const&, 0ul, 1ul, 2ul, 3ul>(std::tuple<boost::system::error_code const&, unsigned long const&>&&, std::_Index_tuple<0ul, 1ul, 2ul, 3ul>) (functional:506)
==29430==    by 0x128342: void std::_Bind<void (Session::*(Session*, std::_Placeholder<1>, std::_Placeholder<2>, std::shared_ptr<Session>))(boost::system::error_code const&, unsigned long, std::shared_ptr<Session>)>::operator()<boost::system::error_code const&, unsigned long const&, void>(boost::system::error_code const&, unsigned long const&) (functional:591)
==29430==    by 0x127D94: boost::asio::detail::binder2<std::_Bind<void (Session::*(Session*, std::_Placeholder<1>, std::_Placeholder<2>, std::shared_ptr<Session>))(boost::system::error_code const&, unsigned long, std::shared_ptr<Session>)>, boost::system::error_code, unsigned long>::operator()() (bind_handler.hpp:289)
==29430==    by 0x127718: void boost::asio::asio_handler_invoke<boost::asio::detail::binder2<std::_Bind<void (Session::*(Session*, std::_Placeholder<1>, std::_Placeholder<2>, std::shared_ptr<Session>))(boost::system::error_code const&, unsigned long, std::shared_ptr<Session>)>, boost::system::error_code, unsigned long> >(boost::asio::detail::binder2<std::_Bind<void (Session::*(Session*, std::_Placeholder<1>, std::_Placeholder<2>, std::shared_ptr<Session>))(boost::system::error_code const&, unsigned long, std::shared_ptr<Session>)>, boost::system::error_code, unsigned long>&, ...) (handler_invoke_hook.hpp:88)
==29430==    by 0x1272F7: void boost_asio_handler_invoke_helpers::invoke<boost::asio::detail::binder2<std::_Bind<void (Session::*(Session*, std::_Placeholder<1>, std::_Placeholder<2>, std::shared_ptr<Session>))(boost::system::error_code const&, unsigned long, std::shared_ptr<Session>)>, boost::system::error_code, unsigned long>, std::_Bind<void (Session::*(Session*, std::_Placeholder<1>, std::_Placeholder<2>, std::shared_ptr<Session>))(boost::system::error_code const&, unsigned long, std::shared_ptr<Session>)> >(boost::asio::detail::binder2<std::_Bind<void (Session::*(Session*, std::_Placeholder<1>, std::_Placeholder<2>, std::shared_ptr<Session>))(boost::system::error_code const&, unsigned long, std::shared_ptr<Session>)>, boost::system::error_code, unsigned long>&, std::_Bind<void (Session::*(Session*, std::_Placeholder<1>, std::_Placeholder<2>, std::shared_ptr<Session>))(boost::system::error_code const&, unsigned long, std::shared_ptr<Session>)>&) (handler_invoke_helpers.hpp:54)
==29430==    by 0x1269C5: void boost::asio::detail::handler_work<std::_Bind<void (Session::*(Session*, std::_Placeholder<1>, std::_Placeholder<2>, std::shared_ptr<Session>))(boost::system::error_code const&, unsigned long, std::shared_ptr<Session>)>, boost::asio::any_io_executor, void>::complete<boost::asio::detail::binder2<std::_Bind<void (Session::*(Session*, std::_Placeholder<1>, std::_Placeholder<2>, std::shared_ptr<Session>))(boost::system::error_code const&, unsigned long, std::shared_ptr<Session>)>, boost::system::error_code, unsigned long> >(boost::asio::detail::binder2<std::_Bind<void (Session::*(Session*, std::_Placeholder<1>, std::_Placeholder<2>, std::shared_ptr<Session>))(boost::system::error_code const&, unsigned long, std::shared_ptr<Session>)>, boost::system::error_code, unsigned long>&, std::_Bind<void (Session::*(Session*, std::_Placeholder<1>, std::_Placeholder<2>, std::shared_ptr<Session>))(boost::system::error_code const&, unsigned long, std::shared_ptr<Session>)>&) (handler_work.hpp:524)
==29430==    by 0x126004: boost::asio::detail::reactive_socket_recv_op<boost::asio::mutable_buffers_1, std::_Bind<void (Session::*(Session*, std::_Placeholder<1>, std::_Placeholder<2>, std::shared_ptr<Session>))(boost::system::error_code const&, unsigned long, std::shared_ptr<Session>)>, boost::asio::any_io_executor>::do_complete(void*, boost::asio::detail::scheduler_operation*, boost::system::error_code const&, unsigned long) (reactive_socket_recv_op.hpp:152)
==29430==    by 0x113D2D: boost::asio::detail::scheduler_operation::complete(void*, boost::system::error_code const&, unsigned long) (scheduler_operation.hpp:40)
==29430==  Uninitialised value was created by a heap allocation
==29430==    at 0x4846FA3: operator new(unsigned long) (in /usr/libexec/valgrind/vgpreload_memcheck-amd64-linux.so)
==29430==    by 0x132E2B: std::__new_allocator<std::_Sp_counted_ptr_inplace<Msg_Node, std::allocator<void>, (__gnu_cxx::_Lock_policy)2> >::allocate(unsigned long, void const*) (new_allocator.h:151)
==29430==    by 0x13116B: allocate (alloc_traits.h:482)
==29430==    by 0x13116B: std::__allocated_ptr<std::allocator<std::_Sp_counted_ptr_inplace<Msg_Node, std::allocator<void>, (__gnu_cxx::_Lock_policy)2> > > std::__allocate_guarded<std::allocator<std::_Sp_counted_ptr_inplace<Msg_Node, std::allocator<void>, (__gnu_cxx::_Lock_policy)2> > >(std::allocator<std::_Sp_counted_ptr_inplace<Msg_Node, std::allocator<void>, (__gnu_cxx::_Lock_policy)2> >&) (allocated_ptr.h:98)
==29430==    by 0x1302E5: std::__shared_count<(__gnu_cxx::_Lock_policy)2>::__shared_count<Msg_Node, std::allocator<void>, int>(Msg_Node*&, std::_Sp_alloc_shared_tag<std::allocator<void> >, int&&) (shared_ptr_base.h:969)
==29430==    by 0x12F5E1: std::__shared_ptr<Msg_Node, (__gnu_cxx::_Lock_policy)2>::__shared_ptr<std::allocator<void>, int>(std::_Sp_alloc_shared_tag<std::allocator<void> >, int&&) (shared_ptr_base.h:1712)
==29430==    by 0x12EB66: std::shared_ptr<Msg_Node>::shared_ptr<std::allocator<void>, int>(std::_Sp_alloc_shared_tag<std::allocator<void> >, int&&) (shared_ptr.h:464)
==29430==    by 0x12DEB2: std::shared_ptr<std::enable_if<!std::is_array<Msg_Node>::value, Msg_Node>::type> std::make_shared<Msg_Node, int>(int&&) (shared_ptr.h:1010)
==29430==    by 0x12D517: Session::Session(boost::asio::io_context&, Server*) (session_v6.h:32)
==29430==    by 0x133BE6: void std::_Construct<Session, boost::asio::io_context&, Server*>(Session*, boost::asio::io_context&, Server*&&) (stl_construct.h:119)
==29430==    by 0x13165E: construct<Session, boost::asio::io_context&, Server*> (alloc_traits.h:661)
==29430==    by 0x13165E: std::_Sp_counted_ptr_inplace<Session, std::allocator<void>, (__gnu_cxx::_Lock_policy)2>::_Sp_counted_ptr_inplace<boost::asio::io_context&, Server*>(std::allocator<void>, boost::asio::io_context&, Server*&&) (shared_ptr_base.h:604)
==29430==    by 0x130787: std::__shared_count<(__gnu_cxx::_Lock_policy)2>::__shared_count<Session, std::allocator<void>, boost::asio::io_context&, Server*>(Session*&, std::_Sp_alloc_shared_tag<std::allocator<void> >, boost::asio::io_context&, Server*&&) (shared_ptr_base.h:971)
==29430==    by 0x12FC69: std::__shared_ptr<Session, (__gnu_cxx::_Lock_policy)2>::__shared_ptr<std::allocator<void>, boost::asio::io_context&, Server*>(std::_Sp_alloc_shared_tag<std::allocator<void> >, boost::asio::io_context&, Server*&&) (shared_ptr_base.h:1712)
==29430== 
==29430== Conditional jump or move depends on uninitialised value(s)
==29430==    at 0x11B0D1: Session::handle_Read(boost::system::error_code const&, unsigned long, std::shared_ptr<Session>) (session_v6.cpp:70)
==29430==    by 0x1296EC: void std::__invoke_impl<void, void (Session::*&)(boost::system::error_code const&, unsigned long, std::shared_ptr<Session>), Session*&, boost::system::error_code const&, unsigned long const&, std::shared_ptr<Session>&>(std::__invoke_memfun_deref, void (Session::*&)(boost::system::error_code const&, unsigned long, std::shared_ptr<Session>), Session*&, boost::system::error_code const&, unsigned long const&, std::shared_ptr<Session>&) (invoke.h:74)
==29430==    by 0x1291A0: std::__invoke_result<void (Session::*&)(boost::system::error_code const&, unsigned long, std::shared_ptr<Session>), Session*&, boost::system::error_code const&, unsigned long const&, std::shared_ptr<Session>&>::type std::__invoke<void (Session::*&)(boost::system::error_code const&, unsigned long, std::shared_ptr<Session>), Session*&, boost::system::error_code const&, unsigned long const&, std::shared_ptr<Session>&>(void (Session::*&)(boost::system::error_code const&, unsigned long, std::shared_ptr<Session>), Session*&, boost::system::error_code const&, unsigned long const&, std::shared_ptr<Session>&) (invoke.h:96)
==29430==    by 0x128C36: void std::_Bind<void (Session::*(Session*, std::_Placeholder<1>, std::_Placeholder<2>, std::shared_ptr<Session>))(boost::system::error_code const&, unsigned long, std::shared_ptr<Session>)>::__call<void, boost::system::error_code const&, unsigned long const&, 0ul, 1ul, 2ul, 3ul>(std::tuple<boost::system::error_code const&, unsigned long const&>&&, std::_Index_tuple<0ul, 1ul, 2ul, 3ul>) (functional:506)
==29430==    by 0x128342: void std::_Bind<void (Session::*(Session*, std::_Placeholder<1>, std::_Placeholder<2>, std::shared_ptr<Session>))(boost::system::error_code const&, unsigned long, std::shared_ptr<Session>)>::operator()<boost::system::error_code const&, unsigned long const&, void>(boost::system::error_code const&, unsigned long const&) (functional:591)
==29430==    by 0x127D94: boost::asio::detail::binder2<std::_Bind<void (Session::*(Session*, std::_Placeholder<1>, std::_Placeholder<2>, std::shared_ptr<Session>))(boost::system::error_code const&, unsigned long, std::shared_ptr<Session>)>, boost::system::error_code, unsigned long>::operator()() (bind_handler.hpp:289)
==29430==    by 0x127718: void boost::asio::asio_handler_invoke<boost::asio::detail::binder2<std::_Bind<void (Session::*(Session*, std::_Placeholder<1>, std::_Placeholder<2>, std::shared_ptr<Session>))(boost::system::error_code const&, unsigned long, std::shared_ptr<Session>)>, boost::system::error_code, unsigned long> >(boost::asio::detail::binder2<std::_Bind<void (Session::*(Session*, std::_Placeholder<1>, std::_Placeholder<2>, std::shared_ptr<Session>))(boost::system::error_code const&, unsigned long, std::shared_ptr<Session>)>, boost::system::error_code, unsigned long>&, ...) (handler_invoke_hook.hpp:88)
==29430==    by 0x1272F7: void boost_asio_handler_invoke_helpers::invoke<boost::asio::detail::binder2<std::_Bind<void (Session::*(Session*, std::_Placeholder<1>, std::_Placeholder<2>, std::shared_ptr<Session>))(boost::system::error_code const&, unsigned long, std::shared_ptr<Session>)>, boost::system::error_code, unsigned long>, std::_Bind<void (Session::*(Session*, std::_Placeholder<1>, std::_Placeholder<2>, std::shared_ptr<Session>))(boost::system::error_code const&, unsigned long, std::shared_ptr<Session>)> >(boost::asio::detail::binder2<std::_Bind<void (Session::*(Session*, std::_Placeholder<1>, std::_Placeholder<2>, std::shared_ptr<Session>))(boost::system::error_code const&, unsigned long, std::shared_ptr<Session>)>, boost::system::error_code, unsigned long>&, std::_Bind<void (Session::*(Session*, std::_Placeholder<1>, std::_Placeholder<2>, std::shared_ptr<Session>))(boost::system::error_code const&, unsigned long, std::shared_ptr<Session>)>&) (handler_invoke_helpers.hpp:54)
==29430==    by 0x1269C5: void boost::asio::detail::handler_work<std::_Bind<void (Session::*(Session*, std::_Placeholder<1>, std::_Placeholder<2>, std::shared_ptr<Session>))(boost::system::error_code const&, unsigned long, std::shared_ptr<Session>)>, boost::asio::any_io_executor, void>::complete<boost::asio::detail::binder2<std::_Bind<void (Session::*(Session*, std::_Placeholder<1>, std::_Placeholder<2>, std::shared_ptr<Session>))(boost::system::error_code const&, unsigned long, std::shared_ptr<Session>)>, boost::system::error_code, unsigned long> >(boost::asio::detail::binder2<std::_Bind<void (Session::*(Session*, std::_Placeholder<1>, std::_Placeholder<2>, std::shared_ptr<Session>))(boost::system::error_code const&, unsigned long, std::shared_ptr<Session>)>, boost::system::error_code, unsigned long>&, std::_Bind<void (Session::*(Session*, std::_Placeholder<1>, std::_Placeholder<2>, std::shared_ptr<Session>))(boost::system::error_code const&, unsigned long, std::shared_ptr<Session>)>&) (handler_work.hpp:524)
==29430==    by 0x126004: boost::asio::detail::reactive_socket_recv_op<boost::asio::mutable_buffers_1, std::_Bind<void (Session::*(Session*, std::_Placeholder<1>, std::_Placeholder<2>, std::shared_ptr<Session>))(boost::system::error_code const&, unsigned long, std::shared_ptr<Session>)>, boost::asio::any_io_executor>::do_complete(void*, boost::asio::detail::scheduler_operation*, boost::system::error_code const&, unsigned long) (reactive_socket_recv_op.hpp:152)
==29430==    by 0x113D2D: boost::asio::detail::scheduler_operation::complete(void*, boost::system::error_code const&, unsigned long) (scheduler_operation.hpp:40)
==29430==    by 0x12BE96: boost::asio::detail::epoll_reactor::descriptor_state::do_complete(void*, boost::asio::detail::scheduler_operation*, boost::system::error_code const&, unsigned long) (epoll_reactor.ipp:815)
==29430==  Uninitialised value was created by a heap allocation
==29430==    at 0x4846FA3: operator new(unsigned long) (in /usr/libexec/valgrind/vgpreload_memcheck-amd64-linux.so)
==29430==    by 0x132E2B: std::__new_allocator<std::_Sp_counted_ptr_inplace<Msg_Node, std::allocator<void>, (__gnu_cxx::_Lock_policy)2> >::allocate(unsigned long, void const*) (new_allocator.h:151)
==29430==    by 0x13116B: allocate (alloc_traits.h:482)
==29430==    by 0x13116B: std::__allocated_ptr<std::allocator<std::_Sp_counted_ptr_inplace<Msg_Node, std::allocator<void>, (__gnu_cxx::_Lock_policy)2> > > std::__allocate_guarded<std::allocator<std::_Sp_counted_ptr_inplace<Msg_Node, std::allocator<void>, (__gnu_cxx::_Lock_policy)2> > >(std::allocator<std::_Sp_counted_ptr_inplace<Msg_Node, std::allocator<void>, (__gnu_cxx::_Lock_policy)2> >&) (allocated_ptr.h:98)
==29430==    by 0x1302E5: std::__shared_count<(__gnu_cxx::_Lock_policy)2>::__shared_count<Msg_Node, std::allocator<void>, int>(Msg_Node*&, std::_Sp_alloc_shared_tag<std::allocator<void> >, int&&) (shared_ptr_base.h:969)
==29430==    by 0x12F5E1: std::__shared_ptr<Msg_Node, (__gnu_cxx::_Lock_policy)2>::__shared_ptr<std::allocator<void>, int>(std::_Sp_alloc_shared_tag<std::allocator<void> >, int&&) (shared_ptr_base.h:1712)
==29430==    by 0x12EB66: std::shared_ptr<Msg_Node>::shared_ptr<std::allocator<void>, int>(std::_Sp_alloc_shared_tag<std::allocator<void> >, int&&) (shared_ptr.h:464)
==29430==    by 0x12DEB2: std::shared_ptr<std::enable_if<!std::is_array<Msg_Node>::value, Msg_Node>::type> std::make_shared<Msg_Node, int>(int&&) (shared_ptr.h:1010)
==29430==    by 0x12D517: Session::Session(boost::asio::io_context&, Server*) (session_v6.h:32)
==29430==    by 0x133BE6: void std::_Construct<Session, boost::asio::io_context&, Server*>(Session*, boost::asio::io_context&, Server*&&) (stl_construct.h:119)
==29430==    by 0x13165E: construct<Session, boost::asio::io_context&, Server*> (alloc_traits.h:661)
==29430==    by 0x13165E: std::_Sp_counted_ptr_inplace<Session, std::allocator<void>, (__gnu_cxx::_Lock_policy)2>::_Sp_counted_ptr_inplace<boost::asio::io_context&, Server*>(std::allocator<void>, boost::asio::io_context&, Server*&&) (shared_ptr_base.h:604)
==29430==    by 0x130787: std::__shared_count<(__gnu_cxx::_Lock_policy)2>::__shared_count<Session, std::allocator<void>, boost::asio::io_context&, Server*>(Session*&, std::_Sp_alloc_shared_tag<std::allocator<void> >, boost::asio::io_context&, Server*&&) (shared_ptr_base.h:971)
==29430==    by 0x12FC69: std::__shared_ptr<Session, (__gnu_cxx::_Lock_policy)2>::__shared_ptr<std::allocator<void>, boost::asio::io_context&, Server*>(std::_Sp_alloc_shared_tag<std::allocator<void> >, boost::asio::io_context&, Server*&&) (shared_ptr_base.h:1712)
==29430== 
==29430== Conditional jump or move depends on uninitialised value(s)
==29430==    at 0x4852D7E: memmove (in /usr/libexec/valgrind/vgpreload_memcheck-amd64-linux.so)
==29430==    by 0x11B2E5: Session::handle_Read(boost::system::error_code const&, unsigned long, std::shared_ptr<Session>) (session_v6.cpp:85)
==29430==    by 0x1296EC: void std::__invoke_impl<void, void (Session::*&)(boost::system::error_code const&, unsigned long, std::shared_ptr<Session>), Session*&, boost::system::error_code const&, unsigned long const&, std::shared_ptr<Session>&>(std::__invoke_memfun_deref, void (Session::*&)(boost::system::error_code const&, unsigned long, std::shared_ptr<Session>), Session*&, boost::system::error_code const&, unsigned long const&, std::shared_ptr<Session>&) (invoke.h:74)
==29430==    by 0x1291A0: std::__invoke_result<void (Session::*&)(boost::system::error_code const&, unsigned long, std::shared_ptr<Session>), Session*&, boost::system::error_code const&, unsigned long const&, std::shared_ptr<Session>&>::type std::__invoke<void (Session::*&)(boost::system::error_code const&, unsigned long, std::shared_ptr<Session>), Session*&, boost::system::error_code const&, unsigned long const&, std::shared_ptr<Session>&>(void (Session::*&)(boost::system::error_code const&, unsigned long, std::shared_ptr<Session>), Session*&, boost::system::error_code const&, unsigned long const&, std::shared_ptr<Session>&) (invoke.h:96)
==29430==    by 0x128C36: void std::_Bind<void (Session::*(Session*, std::_Placeholder<1>, std::_Placeholder<2>, std::shared_ptr<Session>))(boost::system::error_code const&, unsigned long, std::shared_ptr<Session>)>::__call<void, boost::system::error_code const&, unsigned long const&, 0ul, 1ul, 2ul, 3ul>(std::tuple<boost::system::error_code const&, unsigned long const&>&&, std::_Index_tuple<0ul, 1ul, 2ul, 3ul>) (functional:506)
==29430==    by 0x128342: void std::_Bind<void (Session::*(Session*, std::_Placeholder<1>, std::_Placeholder<2>, std::shared_ptr<Session>))(boost::system::error_code const&, unsigned long, std::shared_ptr<Session>)>::operator()<boost::system::error_code const&, unsigned long const&, void>(boost::system::error_code const&, unsigned long const&) (functional:591)
==29430==    by 0x127D94: boost::asio::detail::binder2<std::_Bind<void (Session::*(Session*, std::_Placeholder<1>, std::_Placeholder<2>, std::shared_ptr<Session>))(boost::system::error_code const&, unsigned long, std::shared_ptr<Session>)>, boost::system::error_code, unsigned long>::operator()() (bind_handler.hpp:289)
==29430==    by 0x127718: void boost::asio::asio_handler_invoke<boost::asio::detail::binder2<std::_Bind<void (Session::*(Session*, std::_Placeholder<1>, std::_Placeholder<2>, std::shared_ptr<Session>))(boost::system::error_code const&, unsigned long, std::shared_ptr<Session>)>, boost::system::error_code, unsigned long> >(boost::asio::detail::binder2<std::_Bind<void (Session::*(Session*, std::_Placeholder<1>, std::_Placeholder<2>, std::shared_ptr<Session>))(boost::system::error_code const&, unsigned long, std::shared_ptr<Session>)>, boost::system::error_code, unsigned long>&, ...) (handler_invoke_hook.hpp:88)
==29430==    by 0x1272F7: void boost_asio_handler_invoke_helpers::invoke<boost::asio::detail::binder2<std::_Bind<void (Session::*(Session*, std::_Placeholder<1>, std::_Placeholder<2>, std::shared_ptr<Session>))(boost::system::error_code const&, unsigned long, std::shared_ptr<Session>)>, boost::system::error_code, unsigned long>, std::_Bind<void (Session::*(Session*, std::_Placeholder<1>, std::_Placeholder<2>, std::shared_ptr<Session>))(boost::system::error_code const&, unsigned long, std::shared_ptr<Session>)> >(boost::asio::detail::binder2<std::_Bind<void (Session::*(Session*, std::_Placeholder<1>, std::_Placeholder<2>, std::shared_ptr<Session>))(boost::system::error_code const&, unsigned long, std::shared_ptr<Session>)>, boost::system::error_code, unsigned long>&, std::_Bind<void (Session::*(Session*, std::_Placeholder<1>, std::_Placeholder<2>, std::shared_ptr<Session>))(boost::system::error_code const&, unsigned long, std::shared_ptr<Session>)>&) (handler_invoke_helpers.hpp:54)
==29430==    by 0x1269C5: void boost::asio::detail::handler_work<std::_Bind<void (Session::*(Session*, std::_Placeholder<1>, std::_Placeholder<2>, std::shared_ptr<Session>))(boost::system::error_code const&, unsigned long, std::shared_ptr<Session>)>, boost::asio::any_io_executor, void>::complete<boost::asio::detail::binder2<std::_Bind<void (Session::*(Session*, std::_Placeholder<1>, std::_Placeholder<2>, std::shared_ptr<Session>))(boost::system::error_code const&, unsigned long, std::shared_ptr<Session>)>, boost::system::error_code, unsigned long> >(boost::asio::detail::binder2<std::_Bind<void (Session::*(Session*, std::_Placeholder<1>, std::_Placeholder<2>, std::shared_ptr<Session>))(boost::system::error_code const&, unsigned long, std::shared_ptr<Session>)>, boost::system::error_code, unsigned long>&, std::_Bind<void (Session::*(Session*, std::_Placeholder<1>, std::_Placeholder<2>, std::shared_ptr<Session>))(boost::system::error_code const&, unsigned long, std::shared_ptr<Session>)>&) (handler_work.hpp:524)
==29430==    by 0x126004: boost::asio::detail::reactive_socket_recv_op<boost::asio::mutable_buffers_1, std::_Bind<void (Session::*(Session*, std::_Placeholder<1>, std::_Placeholder<2>, std::shared_ptr<Session>))(boost::system::error_code const&, unsigned long, std::shared_ptr<Session>)>, boost::asio::any_io_executor>::do_complete(void*, boost::asio::detail::scheduler_operation*, boost::system::error_code const&, unsigned long) (reactive_socket_recv_op.hpp:152)
==29430==    by 0x113D2D: boost::asio::detail::scheduler_operation::complete(void*, boost::system::error_code const&, unsigned long) (scheduler_operation.hpp:40)
==29430==  Uninitialised value was created by a heap allocation
==29430==    at 0x4846FA3: operator new(unsigned long) (in /usr/libexec/valgrind/vgpreload_memcheck-amd64-linux.so)
==29430==    by 0x126C57: std::__new_allocator<std::_Sp_counted_ptr_inplace<Recv_Node, std::allocator<void>, (__gnu_cxx::_Lock_policy)2> >::allocate(unsigned long, void const*) (new_allocator.h:151)
==29430==    by 0x124FC4: allocate (alloc_traits.h:482)
==29430==    by 0x124FC4: std::__allocated_ptr<std::allocator<std::_Sp_counted_ptr_inplace<Recv_Node, std::allocator<void>, (__gnu_cxx::_Lock_policy)2> > > std::__allocate_guarded<std::allocator<std::_Sp_counted_ptr_inplace<Recv_Node, std::allocator<void>, (__gnu_cxx::_Lock_policy)2> > >(std::allocator<std::_Sp_counted_ptr_inplace<Recv_Node, std::allocator<void>, (__gnu_cxx::_Lock_policy)2> >&) (allocated_ptr.h:98)
==29430==    by 0x123E5E: std::__shared_count<(__gnu_cxx::_Lock_policy)2>::__shared_count<Recv_Node, std::allocator<void>, short&, short&>(Recv_Node*&, std::_Sp_alloc_shared_tag<std::allocator<void> >, short&, short&) (shared_ptr_base.h:969)
==29430==    by 0x1221AF: std::__shared_ptr<Recv_Node, (__gnu_cxx::_Lock_policy)2>::__shared_ptr<std::allocator<void>, short&, short&>(std::_Sp_alloc_shared_tag<std::allocator<void> >, short&, short&) (shared_ptr_base.h:1712)
==29430==    by 0x120C42: std::shared_ptr<Recv_Node>::shared_ptr<std::allocator<void>, short&, short&>(std::_Sp_alloc_shared_tag<std::allocator<void> >, short&, short&) (shared_ptr.h:464)
==29430==    by 0x120115: std::shared_ptr<std::enable_if<!std::is_array<Recv_Node>::value, Recv_Node>::type> std::make_shared<Recv_Node, short&, short&>(short&, short&) (shared_ptr.h:1010)
==29430==    by 0x11B08F: Session::handle_Read(boost::system::error_code const&, unsigned long, std::shared_ptr<Session>) (session_v6.cpp:67)
==29430==    by 0x1296EC: void std::__invoke_impl<void, void (Session::*&)(boost::system::error_code const&, unsigned long, std::shared_ptr<Session>), Session*&, boost::system::error_code const&, unsigned long const&, std::shared_ptr<Session>&>(std::__invoke_memfun_deref, void (Session::*&)(boost::system::error_code const&, unsigned long, std::shared_ptr<Session>), Session*&, boost::system::error_code const&, unsigned long const&, std::shared_ptr<Session>&) (invoke.h:74)
==29430==    by 0x1291A0: std::__invoke_result<void (Session::*&)(boost::system::error_code const&, unsigned long, std::shared_ptr<Session>), Session*&, boost::system::error_code const&, unsigned long const&, std::shared_ptr<Session>&>::type std::__invoke<void (Session::*&)(boost::system::error_code const&, unsigned long, std::shared_ptr<Session>), Session*&, boost::system::error_code const&, unsigned long const&, std::shared_ptr<Session>&>(void (Session::*&)(boost::system::error_code const&, unsigned long, std::shared_ptr<Session>), Session*&, boost::system::error_code const&, unsigned long const&, std::shared_ptr<Session>&) (invoke.h:96)
==29430==    by 0x128C36: void std::_Bind<void (Session::*(Session*, std::_Placeholder<1>, std::_Placeholder<2>, std::shared_ptr<Session>))(boost::system::error_code const&, unsigned long, std::shared_ptr<Session>)>::__call<void, boost::system::error_code const&, unsigned long const&, 0ul, 1ul, 2ul, 3ul>(std::tuple<boost::system::error_code const&, unsigned long const&>&&, std::_Index_tuple<0ul, 1ul, 2ul, 3ul>) (functional:506)
==29430==    by 0x128342: void std::_Bind<void (Session::*(Session*, std::_Placeholder<1>, std::_Placeholder<2>, std::shared_ptr<Session>))(boost::system::error_code const&, unsigned long, std::shared_ptr<Session>)>::operator()<boost::system::error_code const&, unsigned long const&, void>(boost::system::error_code const&, unsigned long const&) (functional:591)
==29430== 
==29430== Conditional jump or move depends on uninitialised value(s)
==29430==    at 0x4852D8B: memmove (in /usr/libexec/valgrind/vgpreload_memcheck-amd64-linux.so)
==29430==    by 0x11B2E5: Session::handle_Read(boost::system::error_code const&, unsigned long, std::shared_ptr<Session>) (session_v6.cpp:85)
==29430==    by 0x1296EC: void std::__invoke_impl<void, void (Session::*&)(boost::system::error_code const&, unsigned long, std::shared_ptr<Session>), Session*&, boost::system::error_code const&, unsigned long const&, std::shared_ptr<Session>&>(std::__invoke_memfun_deref, void (Session::*&)(boost::system::error_code const&, unsigned long, std::shared_ptr<Session>), Session*&, boost::system::error_code const&, unsigned long const&, std::shared_ptr<Session>&) (invoke.h:74)
==29430==    by 0x1291A0: std::__invoke_result<void (Session::*&)(boost::system::error_code const&, unsigned long, std::shared_ptr<Session>), Session*&, boost::system::error_code const&, unsigned long const&, std::shared_ptr<Session>&>::type std::__invoke<void (Session::*&)(boost::system::error_code const&, unsigned long, std::shared_ptr<Session>), Session*&, boost::system::error_code const&, unsigned long const&, std::shared_ptr<Session>&>(void (Session::*&)(boost::system::error_code const&, unsigned long, std::shared_ptr<Session>), Session*&, boost::system::error_code const&, unsigned long const&, std::shared_ptr<Session>&) (invoke.h:96)
==29430==    by 0x128C36: void std::_Bind<void (Session::*(Session*, std::_Placeholder<1>, std::_Placeholder<2>, std::shared_ptr<Session>))(boost::system::error_code const&, unsigned long, std::shared_ptr<Session>)>::__call<void, boost::system::error_code const&, unsigned long const&, 0ul, 1ul, 2ul, 3ul>(std::tuple<boost::system::error_code const&, unsigned long const&>&&, std::_Index_tuple<0ul, 1ul, 2ul, 3ul>) (functional:506)
==29430==    by 0x128342: void std::_Bind<void (Session::*(Session*, std::_Placeholder<1>, std::_Placeholder<2>, std::shared_ptr<Session>))(boost::system::error_code const&, unsigned long, std::shared_ptr<Session>)>::operator()<boost::system::error_code const&, unsigned long const&, void>(boost::system::error_code const&, unsigned long const&) (functional:591)
==29430==    by 0x127D94: boost::asio::detail::binder2<std::_Bind<void (Session::*(Session*, std::_Placeholder<1>, std::_Placeholder<2>, std::shared_ptr<Session>))(boost::system::error_code const&, unsigned long, std::shared_ptr<Session>)>, boost::system::error_code, unsigned long>::operator()() (bind_handler.hpp:289)
==29430==    by 0x127718: void boost::asio::asio_handler_invoke<boost::asio::detail::binder2<std::_Bind<void (Session::*(Session*, std::_Placeholder<1>, std::_Placeholder<2>, std::shared_ptr<Session>))(boost::system::error_code const&, unsigned long, std::shared_ptr<Session>)>, boost::system::error_code, unsigned long> >(boost::asio::detail::binder2<std::_Bind<void (Session::*(Session*, std::_Placeholder<1>, std::_Placeholder<2>, std::shared_ptr<Session>))(boost::system::error_code const&, unsigned long, std::shared_ptr<Session>)>, boost::system::error_code, unsigned long>&, ...) (handler_invoke_hook.hpp:88)
==29430==    by 0x1272F7: void boost_asio_handler_invoke_helpers::invoke<boost::asio::detail::binder2<std::_Bind<void (Session::*(Session*, std::_Placeholder<1>, std::_Placeholder<2>, std::shared_ptr<Session>))(boost::system::error_code const&, unsigned long, std::shared_ptr<Session>)>, boost::system::error_code, unsigned long>, std::_Bind<void (Session::*(Session*, std::_Placeholder<1>, std::_Placeholder<2>, std::shared_ptr<Session>))(boost::system::error_code const&, unsigned long, std::shared_ptr<Session>)> >(boost::asio::detail::binder2<std::_Bind<void (Session::*(Session*, std::_Placeholder<1>, std::_Placeholder<2>, std::shared_ptr<Session>))(boost::system::error_code const&, unsigned long, std::shared_ptr<Session>)>, boost::system::error_code, unsigned long>&, std::_Bind<void (Session::*(Session*, std::_Placeholder<1>, std::_Placeholder<2>, std::shared_ptr<Session>))(boost::system::error_code const&, unsigned long, std::shared_ptr<Session>)>&) (handler_invoke_helpers.hpp:54)
==29430==    by 0x1269C5: void boost::asio::detail::handler_work<std::_Bind<void (Session::*(Session*, std::_Placeholder<1>, std::_Placeholder<2>, std::shared_ptr<Session>))(boost::system::error_code const&, unsigned long, std::shared_ptr<Session>)>, boost::asio::any_io_executor, void>::complete<boost::asio::detail::binder2<std::_Bind<void (Session::*(Session*, std::_Placeholder<1>, std::_Placeholder<2>, std::shared_ptr<Session>))(boost::system::error_code const&, unsigned long, std::shared_ptr<Session>)>, boost::system::error_code, unsigned long> >(boost::asio::detail::binder2<std::_Bind<void (Session::*(Session*, std::_Placeholder<1>, std::_Placeholder<2>, std::shared_ptr<Session>))(boost::system::error_code const&, unsigned long, std::shared_ptr<Session>)>, boost::system::error_code, unsigned long>&, std::_Bind<void (Session::*(Session*, std::_Placeholder<1>, std::_Placeholder<2>, std::shared_ptr<Session>))(boost::system::error_code const&, unsigned long, std::shared_ptr<Session>)>&) (handler_work.hpp:524)
==29430==    by 0x126004: boost::asio::detail::reactive_socket_recv_op<boost::asio::mutable_buffers_1, std::_Bind<void (Session::*(Session*, std::_Placeholder<1>, std::_Placeholder<2>, std::shared_ptr<Session>))(boost::system::error_code const&, unsigned long, std::shared_ptr<Session>)>, boost::asio::any_io_executor>::do_complete(void*, boost::asio::detail::scheduler_operation*, boost::system::error_code const&, unsigned long) (reactive_socket_recv_op.hpp:152)
==29430==    by 0x113D2D: boost::asio::detail::scheduler_operation::complete(void*, boost::system::error_code const&, unsigned long) (scheduler_operation.hpp:40)
==29430==  Uninitialised value was created by a heap allocation
==29430==    at 0x4846FA3: operator new(unsigned long) (in /usr/libexec/valgrind/vgpreload_memcheck-amd64-linux.so)
==29430==    by 0x126C57: std::__new_allocator<std::_Sp_counted_ptr_inplace<Recv_Node, std::allocator<void>, (__gnu_cxx::_Lock_policy)2> >::allocate(unsigned long, void const*) (new_allocator.h:151)
==29430==    by 0x124FC4: allocate (alloc_traits.h:482)
==29430==    by 0x124FC4: std::__allocated_ptr<std::allocator<std::_Sp_counted_ptr_inplace<Recv_Node, std::allocator<void>, (__gnu_cxx::_Lock_policy)2> > > std::__allocate_guarded<std::allocator<std::_Sp_counted_ptr_inplace<Recv_Node, std::allocator<void>, (__gnu_cxx::_Lock_policy)2> > >(std::allocator<std::_Sp_counted_ptr_inplace<Recv_Node, std::allocator<void>, (__gnu_cxx::_Lock_policy)2> >&) (allocated_ptr.h:98)
==29430==    by 0x123E5E: std::__shared_count<(__gnu_cxx::_Lock_policy)2>::__shared_count<Recv_Node, std::allocator<void>, short&, short&>(Recv_Node*&, std::_Sp_alloc_shared_tag<std::allocator<void> >, short&, short&) (shared_ptr_base.h:969)
==29430==    by 0x1221AF: std::__shared_ptr<Recv_Node, (__gnu_cxx::_Lock_policy)2>::__shared_ptr<std::allocator<void>, short&, short&>(std::_Sp_alloc_shared_tag<std::allocator<void> >, short&, short&) (shared_ptr_base.h:1712)
==29430==    by 0x120C42: std::shared_ptr<Recv_Node>::shared_ptr<std::allocator<void>, short&, short&>(std::_Sp_alloc_shared_tag<std::allocator<void> >, short&, short&) (shared_ptr.h:464)
==29430==    by 0x120115: std::shared_ptr<std::enable_if<!std::is_array<Recv_Node>::value, Recv_Node>::type> std::make_shared<Recv_Node, short&, short&>(short&, short&) (shared_ptr.h:1010)
==29430==    by 0x11B08F: Session::handle_Read(boost::system::error_code const&, unsigned long, std::shared_ptr<Session>) (session_v6.cpp:67)
==29430==    by 0x1296EC: void std::__invoke_impl<void, void (Session::*&)(boost::system::error_code const&, unsigned long, std::shared_ptr<Session>), Session*&, boost::system::error_code const&, unsigned long const&, std::shared_ptr<Session>&>(std::__invoke_memfun_deref, void (Session::*&)(boost::system::error_code const&, unsigned long, std::shared_ptr<Session>), Session*&, boost::system::error_code const&, unsigned long const&, std::shared_ptr<Session>&) (invoke.h:74)
==29430==    by 0x1291A0: std::__invoke_result<void (Session::*&)(boost::system::error_code const&, unsigned long, std::shared_ptr<Session>), Session*&, boost::system::error_code const&, unsigned long const&, std::shared_ptr<Session>&>::type std::__invoke<void (Session::*&)(boost::system::error_code const&, unsigned long, std::shared_ptr<Session>), Session*&, boost::system::error_code const&, unsigned long const&, std::shared_ptr<Session>&>(void (Session::*&)(boost::system::error_code const&, unsigned long, std::shared_ptr<Session>), Session*&, boost::system::error_code const&, unsigned long const&, std::shared_ptr<Session>&) (invoke.h:96)
==29430==    by 0x128C36: void std::_Bind<void (Session::*(Session*, std::_Placeholder<1>, std::_Placeholder<2>, std::shared_ptr<Session>))(boost::system::error_code const&, unsigned long, std::shared_ptr<Session>)>::__call<void, boost::system::error_code const&, unsigned long const&, 0ul, 1ul, 2ul, 3ul>(std::tuple<boost::system::error_code const&, unsigned long const&>&&, std::_Index_tuple<0ul, 1ul, 2ul, 3ul>) (functional:506)
==29430==    by 0x128342: void std::_Bind<void (Session::*(Session*, std::_Placeholder<1>, std::_Placeholder<2>, std::shared_ptr<Session>))(boost::system::error_code const&, unsigned long, std::shared_ptr<Session>)>::operator()<boost::system::error_code const&, unsigned long const&, void>(boost::system::error_code const&, unsigned long const&) (functional:591)
==29430== 
==29430== Conditional jump or move depends on uninitialised value(s)
==29430==    at 0x4852D98: memmove (in /usr/libexec/valgrind/vgpreload_memcheck-amd64-linux.so)
==29430==    by 0x11B2E5: Session::handle_Read(boost::system::error_code const&, unsigned long, std::shared_ptr<Session>) (session_v6.cpp:85)
==29430==    by 0x1296EC: void std::__invoke_impl<void, void (Session::*&)(boost::system::error_code const&, unsigned long, std::shared_ptr<Session>), Session*&, boost::system::error_code const&, unsigned long const&, std::shared_ptr<Session>&>(std::__invoke_memfun_deref, void (Session::*&)(boost::system::error_code const&, unsigned long, std::shared_ptr<Session>), Session*&, boost::system::error_code const&, unsigned long const&, std::shared_ptr<Session>&) (invoke.h:74)
==29430==    by 0x1291A0: std::__invoke_result<void (Session::*&)(boost::system::error_code const&, unsigned long, std::shared_ptr<Session>), Session*&, boost::system::error_code const&, unsigned long const&, std::shared_ptr<Session>&>::type std::__invoke<void (Session::*&)(boost::system::error_code const&, unsigned long, std::shared_ptr<Session>), Session*&, boost::system::error_code const&, unsigned long const&, std::shared_ptr<Session>&>(void (Session::*&)(boost::system::error_code const&, unsigned long, std::shared_ptr<Session>), Session*&, boost::system::error_code const&, unsigned long const&, std::shared_ptr<Session>&) (invoke.h:96)
==29430==    by 0x128C36: void std::_Bind<void (Session::*(Session*, std::_Placeholder<1>, std::_Placeholder<2>, std::shared_ptr<Session>))(boost::system::error_code const&, unsigned long, std::shared_ptr<Session>)>::__call<void, boost::system::error_code const&, unsigned long const&, 0ul, 1ul, 2ul, 3ul>(std::tuple<boost::system::error_code const&, unsigned long const&>&&, std::_Index_tuple<0ul, 1ul, 2ul, 3ul>) (functional:506)
==29430==    by 0x128342: void std::_Bind<void (Session::*(Session*, std::_Placeholder<1>, std::_Placeholder<2>, std::shared_ptr<Session>))(boost::system::error_code const&, unsigned long, std::shared_ptr<Session>)>::operator()<boost::system::error_code const&, unsigned long const&, void>(boost::system::error_code const&, unsigned long const&) (functional:591)
==29430==    by 0x127D94: boost::asio::detail::binder2<std::_Bind<void (Session::*(Session*, std::_Placeholder<1>, std::_Placeholder<2>, std::shared_ptr<Session>))(boost::system::error_code const&, unsigned long, std::shared_ptr<Session>)>, boost::system::error_code, unsigned long>::operator()() (bind_handler.hpp:289)
==29430==    by 0x127718: void boost::asio::asio_handler_invoke<boost::asio::detail::binder2<std::_Bind<void (Session::*(Session*, std::_Placeholder<1>, std::_Placeholder<2>, std::shared_ptr<Session>))(boost::system::error_code const&, unsigned long, std::shared_ptr<Session>)>, boost::system::error_code, unsigned long> >(boost::asio::detail::binder2<std::_Bind<void (Session::*(Session*, std::_Placeholder<1>, std::_Placeholder<2>, std::shared_ptr<Session>))(boost::system::error_code const&, unsigned long, std::shared_ptr<Session>)>, boost::system::error_code, unsigned long>&, ...) (handler_invoke_hook.hpp:88)
==29430==    by 0x1272F7: void boost_asio_handler_invoke_helpers::invoke<boost::asio::detail::binder2<std::_Bind<void (Session::*(Session*, std::_Placeholder<1>, std::_Placeholder<2>, std::shared_ptr<Session>))(boost::system::error_code const&, unsigned long, std::shared_ptr<Session>)>, boost::system::error_code, unsigned long>, std::_Bind<void (Session::*(Session*, std::_Placeholder<1>, std::_Placeholder<2>, std::shared_ptr<Session>))(boost::system::error_code const&, unsigned long, std::shared_ptr<Session>)> >(boost::asio::detail::binder2<std::_Bind<void (Session::*(Session*, std::_Placeholder<1>, std::_Placeholder<2>, std::shared_ptr<Session>))(boost::system::error_code const&, unsigned long, std::shared_ptr<Session>)>, boost::system::error_code, unsigned long>&, std::_Bind<void (Session::*(Session*, std::_Placeholder<1>, std::_Placeholder<2>, std::shared_ptr<Session>))(boost::system::error_code const&, unsigned long, std::shared_ptr<Session>)>&) (handler_invoke_helpers.hpp:54)
==29430==    by 0x1269C5: void boost::asio::detail::handler_work<std::_Bind<void (Session::*(Session*, std::_Placeholder<1>, std::_Placeholder<2>, std::shared_ptr<Session>))(boost::system::error_code const&, unsigned long, std::shared_ptr<Session>)>, boost::asio::any_io_executor, void>::complete<boost::asio::detail::binder2<std::_Bind<void (Session::*(Session*, std::_Placeholder<1>, std::_Placeholder<2>, std::shared_ptr<Session>))(boost::system::error_code const&, unsigned long, std::shared_ptr<Session>)>, boost::system::error_code, unsigned long> >(boost::asio::detail::binder2<std::_Bind<void (Session::*(Session*, std::_Placeholder<1>, std::_Placeholder<2>, std::shared_ptr<Session>))(boost::system::error_code const&, unsigned long, std::shared_ptr<Session>)>, boost::system::error_code, unsigned long>&, std::_Bind<void (Session::*(Session*, std::_Placeholder<1>, std::_Placeholder<2>, std::shared_ptr<Session>))(boost::system::error_code const&, unsigned long, std::shared_ptr<Session>)>&) (handler_work.hpp:524)
==29430==    by 0x126004: boost::asio::detail::reactive_socket_recv_op<boost::asio::mutable_buffers_1, std::_Bind<void (Session::*(Session*, std::_Placeholder<1>, std::_Placeholder<2>, std::shared_ptr<Session>))(boost::system::error_code const&, unsigned long, std::shared_ptr<Session>)>, boost::asio::any_io_executor>::do_complete(void*, boost::asio::detail::scheduler_operation*, boost::system::error_code const&, unsigned long) (reactive_socket_recv_op.hpp:152)
==29430==    by 0x113D2D: boost::asio::detail::scheduler_operation::complete(void*, boost::system::error_code const&, unsigned long) (scheduler_operation.hpp:40)
==29430==  Uninitialised value was created by a heap allocation
==29430==    at 0x4846FA3: operator new(unsigned long) (in /usr/libexec/valgrind/vgpreload_memcheck-amd64-linux.so)
==29430==    by 0x126C57: std::__new_allocator<std::_Sp_counted_ptr_inplace<Recv_Node, std::allocator<void>, (__gnu_cxx::_Lock_policy)2> >::allocate(unsigned long, void const*) (new_allocator.h:151)
==29430==    by 0x124FC4: allocate (alloc_traits.h:482)
==29430==    by 0x124FC4: std::__allocated_ptr<std::allocator<std::_Sp_counted_ptr_inplace<Recv_Node, std::allocator<void>, (__gnu_cxx::_Lock_policy)2> > > std::__allocate_guarded<std::allocator<std::_Sp_counted_ptr_inplace<Recv_Node, std::allocator<void>, (__gnu_cxx::_Lock_policy)2> > >(std::allocator<std::_Sp_counted_ptr_inplace<Recv_Node, std::allocator<void>, (__gnu_cxx::_Lock_policy)2> >&) (allocated_ptr.h:98)
==29430==    by 0x123E5E: std::__shared_count<(__gnu_cxx::_Lock_policy)2>::__shared_count<Recv_Node, std::allocator<void>, short&, short&>(Recv_Node*&, std::_Sp_alloc_shared_tag<std::allocator<void> >, short&, short&) (shared_ptr_base.h:969)
==29430==    by 0x1221AF: std::__shared_ptr<Recv_Node, (__gnu_cxx::_Lock_policy)2>::__shared_ptr<std::allocator<void>, short&, short&>(std::_Sp_alloc_shared_tag<std::allocator<void> >, short&, short&) (shared_ptr_base.h:1712)
==29430==    by 0x120C42: std::shared_ptr<Recv_Node>::shared_ptr<std::allocator<void>, short&, short&>(std::_Sp_alloc_shared_tag<std::allocator<void> >, short&, short&) (shared_ptr.h:464)
==29430==    by 0x120115: std::shared_ptr<std::enable_if<!std::is_array<Recv_Node>::value, Recv_Node>::type> std::make_shared<Recv_Node, short&, short&>(short&, short&) (shared_ptr.h:1010)
==29430==    by 0x11B08F: Session::handle_Read(boost::system::error_code const&, unsigned long, std::shared_ptr<Session>) (session_v6.cpp:67)
==29430==    by 0x1296EC: void std::__invoke_impl<void, void (Session::*&)(boost::system::error_code const&, unsigned long, std::shared_ptr<Session>), Session*&, boost::system::error_code const&, unsigned long const&, std::shared_ptr<Session>&>(std::__invoke_memfun_deref, void (Session::*&)(boost::system::error_code const&, unsigned long, std::shared_ptr<Session>), Session*&, boost::system::error_code const&, unsigned long const&, std::shared_ptr<Session>&) (invoke.h:74)
==29430==    by 0x1291A0: std::__invoke_result<void (Session::*&)(boost::system::error_code const&, unsigned long, std::shared_ptr<Session>), Session*&, boost::system::error_code const&, unsigned long const&, std::shared_ptr<Session>&>::type std::__invoke<void (Session::*&)(boost::system::error_code const&, unsigned long, std::shared_ptr<Session>), Session*&, boost::system::error_code const&, unsigned long const&, std::shared_ptr<Session>&>(void (Session::*&)(boost::system::error_code const&, unsigned long, std::shared_ptr<Session>), Session*&, boost::system::error_code const&, unsigned long const&, std::shared_ptr<Session>&) (invoke.h:96)
==29430==    by 0x128C36: void std::_Bind<void (Session::*(Session*, std::_Placeholder<1>, std::_Placeholder<2>, std::shared_ptr<Session>))(boost::system::error_code const&, unsigned long, std::shared_ptr<Session>)>::__call<void, boost::system::error_code const&, unsigned long const&, 0ul, 1ul, 2ul, 3ul>(std::tuple<boost::system::error_code const&, unsigned long const&>&&, std::_Index_tuple<0ul, 1ul, 2ul, 3ul>) (functional:506)
==29430==    by 0x128342: void std::_Bind<void (Session::*(Session*, std::_Placeholder<1>, std::_Placeholder<2>, std::shared_ptr<Session>))(boost::system::error_code const&, unsigned long, std::shared_ptr<Session>)>::operator()<boost::system::error_code const&, unsigned long const&, void>(boost::system::error_code const&, unsigned long const&) (functional:591)
==29430== 
==29430== Conditional jump or move depends on uninitialised value(s)
==29430==    at 0x4852DA9: memmove (in /usr/libexec/valgrind/vgpreload_memcheck-amd64-linux.so)
==29430==    by 0x11B2E5: Session::handle_Read(boost::system::error_code const&, unsigned long, std::shared_ptr<Session>) (session_v6.cpp:85)
==29430==    by 0x1296EC: void std::__invoke_impl<void, void (Session::*&)(boost::system::error_code const&, unsigned long, std::shared_ptr<Session>), Session*&, boost::system::error_code const&, unsigned long const&, std::shared_ptr<Session>&>(std::__invoke_memfun_deref, void (Session::*&)(boost::system::error_code const&, unsigned long, std::shared_ptr<Session>), Session*&, boost::system::error_code const&, unsigned long const&, std::shared_ptr<Session>&) (invoke.h:74)
==29430==    by 0x1291A0: std::__invoke_result<void (Session::*&)(boost::system::error_code const&, unsigned long, std::shared_ptr<Session>), Session*&, boost::system::error_code const&, unsigned long const&, std::shared_ptr<Session>&>::type std::__invoke<void (Session::*&)(boost::system::error_code const&, unsigned long, std::shared_ptr<Session>), Session*&, boost::system::error_code const&, unsigned long const&, std::shared_ptr<Session>&>(void (Session::*&)(boost::system::error_code const&, unsigned long, std::shared_ptr<Session>), Session*&, boost::system::error_code const&, unsigned long const&, std::shared_ptr<Session>&) (invoke.h:96)
==29430==    by 0x128C36: void std::_Bind<void (Session::*(Session*, std::_Placeholder<1>, std::_Placeholder<2>, std::shared_ptr<Session>))(boost::system::error_code const&, unsigned long, std::shared_ptr<Session>)>::__call<void, boost::system::error_code const&, unsigned long const&, 0ul, 1ul, 2ul, 3ul>(std::tuple<boost::system::error_code const&, unsigned long const&>&&, std::_Index_tuple<0ul, 1ul, 2ul, 3ul>) (functional:506)
==29430==    by 0x128342: void std::_Bind<void (Session::*(Session*, std::_Placeholder<1>, std::_Placeholder<2>, std::shared_ptr<Session>))(boost::system::error_code const&, unsigned long, std::shared_ptr<Session>)>::operator()<boost::system::error_code const&, unsigned long const&, void>(boost::system::error_code const&, unsigned long const&) (functional:591)
==29430==    by 0x127D94: boost::asio::detail::binder2<std::_Bind<void (Session::*(Session*, std::_Placeholder<1>, std::_Placeholder<2>, std::shared_ptr<Session>))(boost::system::error_code const&, unsigned long, std::shared_ptr<Session>)>, boost::system::error_code, unsigned long>::operator()() (bind_handler.hpp:289)
==29430==    by 0x127718: void boost::asio::asio_handler_invoke<boost::asio::detail::binder2<std::_Bind<void (Session::*(Session*, std::_Placeholder<1>, std::_Placeholder<2>, std::shared_ptr<Session>))(boost::system::error_code const&, unsigned long, std::shared_ptr<Session>)>, boost::system::error_code, unsigned long> >(boost::asio::detail::binder2<std::_Bind<void (Session::*(Session*, std::_Placeholder<1>, std::_Placeholder<2>, std::shared_ptr<Session>))(boost::system::error_code const&, unsigned long, std::shared_ptr<Session>)>, boost::system::error_code, unsigned long>&, ...) (handler_invoke_hook.hpp:88)
==29430==    by 0x1272F7: void boost_asio_handler_invoke_helpers::invoke<boost::asio::detail::binder2<std::_Bind<void (Session::*(Session*, std::_Placeholder<1>, std::_Placeholder<2>, std::shared_ptr<Session>))(boost::system::error_code const&, unsigned long, std::shared_ptr<Session>)>, boost::system::error_code, unsigned long>, std::_Bind<void (Session::*(Session*, std::_Placeholder<1>, std::_Placeholder<2>, std::shared_ptr<Session>))(boost::system::error_code const&, unsigned long, std::shared_ptr<Session>)> >(boost::asio::detail::binder2<std::_Bind<void (Session::*(Session*, std::_Placeholder<1>, std::_Placeholder<2>, std::shared_ptr<Session>))(boost::system::error_code const&, unsigned long, std::shared_ptr<Session>)>, boost::system::error_code, unsigned long>&, std::_Bind<void (Session::*(Session*, std::_Placeholder<1>, std::_Placeholder<2>, std::shared_ptr<Session>))(boost::system::error_code const&, unsigned long, std::shared_ptr<Session>)>&) (handler_invoke_helpers.hpp:54)
==29430==    by 0x1269C5: void boost::asio::detail::handler_work<std::_Bind<void (Session::*(Session*, std::_Placeholder<1>, std::_Placeholder<2>, std::shared_ptr<Session>))(boost::system::error_code const&, unsigned long, std::shared_ptr<Session>)>, boost::asio::any_io_executor, void>::complete<boost::asio::detail::binder2<std::_Bind<void (Session::*(Session*, std::_Placeholder<1>, std::_Placeholder<2>, std::shared_ptr<Session>))(boost::system::error_code const&, unsigned long, std::shared_ptr<Session>)>, boost::system::error_code, unsigned long> >(boost::asio::detail::binder2<std::_Bind<void (Session::*(Session*, std::_Placeholder<1>, std::_Placeholder<2>, std::shared_ptr<Session>))(boost::system::error_code const&, unsigned long, std::shared_ptr<Session>)>, boost::system::error_code, unsigned long>&, std::_Bind<void (Session::*(Session*, std::_Placeholder<1>, std::_Placeholder<2>, std::shared_ptr<Session>))(boost::system::error_code const&, unsigned long, std::shared_ptr<Session>)>&) (handler_work.hpp:524)
==29430==    by 0x126004: boost::asio::detail::reactive_socket_recv_op<boost::asio::mutable_buffers_1, std::_Bind<void (Session::*(Session*, std::_Placeholder<1>, std::_Placeholder<2>, std::shared_ptr<Session>))(boost::system::error_code const&, unsigned long, std::shared_ptr<Session>)>, boost::asio::any_io_executor>::do_complete(void*, boost::asio::detail::scheduler_operation*, boost::system::error_code const&, unsigned long) (reactive_socket_recv_op.hpp:152)
==29430==    by 0x113D2D: boost::asio::detail::scheduler_operation::complete(void*, boost::system::error_code const&, unsigned long) (scheduler_operation.hpp:40)
==29430==  Uninitialised value was created by a heap allocation
==29430==    at 0x4846FA3: operator new(unsigned long) (in /usr/libexec/valgrind/vgpreload_memcheck-amd64-linux.so)
==29430==    by 0x126C57: std::__new_allocator<std::_Sp_counted_ptr_inplace<Recv_Node, std::allocator<void>, (__gnu_cxx::_Lock_policy)2> >::allocate(unsigned long, void const*) (new_allocator.h:151)
==29430==    by 0x124FC4: allocate (alloc_traits.h:482)
==29430==    by 0x124FC4: std::__allocated_ptr<std::allocator<std::_Sp_counted_ptr_inplace<Recv_Node, std::allocator<void>, (__gnu_cxx::_Lock_policy)2> > > std::__allocate_guarded<std::allocator<std::_Sp_counted_ptr_inplace<Recv_Node, std::allocator<void>, (__gnu_cxx::_Lock_policy)2> > >(std::allocator<std::_Sp_counted_ptr_inplace<Recv_Node, std::allocator<void>, (__gnu_cxx::_Lock_policy)2> >&) (allocated_ptr.h:98)
==29430==    by 0x123E5E: std::__shared_count<(__gnu_cxx::_Lock_policy)2>::__shared_count<Recv_Node, std::allocator<void>, short&, short&>(Recv_Node*&, std::_Sp_alloc_shared_tag<std::allocator<void> >, short&, short&) (shared_ptr_base.h:969)
==29430==    by 0x1221AF: std::__shared_ptr<Recv_Node, (__gnu_cxx::_Lock_policy)2>::__shared_ptr<std::allocator<void>, short&, short&>(std::_Sp_alloc_shared_tag<std::allocator<void> >, short&, short&) (shared_ptr_base.h:1712)
==29430==    by 0x120C42: std::shared_ptr<Recv_Node>::shared_ptr<std::allocator<void>, short&, short&>(std::_Sp_alloc_shared_tag<std::allocator<void> >, short&, short&) (shared_ptr.h:464)
==29430==    by 0x120115: std::shared_ptr<std::enable_if<!std::is_array<Recv_Node>::value, Recv_Node>::type> std::make_shared<Recv_Node, short&, short&>(short&, short&) (shared_ptr.h:1010)
==29430==    by 0x11B08F: Session::handle_Read(boost::system::error_code const&, unsigned long, std::shared_ptr<Session>) (session_v6.cpp:67)
==29430==    by 0x1296EC: void std::__invoke_impl<void, void (Session::*&)(boost::system::error_code const&, unsigned long, std::shared_ptr<Session>), Session*&, boost::system::error_code const&, unsigned long const&, std::shared_ptr<Session>&>(std::__invoke_memfun_deref, void (Session::*&)(boost::system::error_code const&, unsigned long, std::shared_ptr<Session>), Session*&, boost::system::error_code const&, unsigned long const&, std::shared_ptr<Session>&) (invoke.h:74)
==29430==    by 0x1291A0: std::__invoke_result<void (Session::*&)(boost::system::error_code const&, unsigned long, std::shared_ptr<Session>), Session*&, boost::system::error_code const&, unsigned long const&, std::shared_ptr<Session>&>::type std::__invoke<void (Session::*&)(boost::system::error_code const&, unsigned long, std::shared_ptr<Session>), Session*&, boost::system::error_code const&, unsigned long const&, std::shared_ptr<Session>&>(void (Session::*&)(boost::system::error_code const&, unsigned long, std::shared_ptr<Session>), Session*&, boost::system::error_code const&, unsigned long const&, std::shared_ptr<Session>&) (invoke.h:96)
==29430==    by 0x128C36: void std::_Bind<void (Session::*(Session*, std::_Placeholder<1>, std::_Placeholder<2>, std::shared_ptr<Session>))(boost::system::error_code const&, unsigned long, std::shared_ptr<Session>)>::__call<void, boost::system::error_code const&, unsigned long const&, 0ul, 1ul, 2ul, 3ul>(std::tuple<boost::system::error_code const&, unsigned long const&>&&, std::_Index_tuple<0ul, 1ul, 2ul, 3ul>) (functional:506)
==29430==    by 0x128342: void std::_Bind<void (Session::*(Session*, std::_Placeholder<1>, std::_Placeholder<2>, std::shared_ptr<Session>))(boost::system::error_code const&, unsigned long, std::shared_ptr<Session>)>::operator()<boost::system::error_code const&, unsigned long const&, void>(boost::system::error_code const&, unsigned long const&) (functional:591)
==29430== 
==29430== Conditional jump or move depends on uninitialised value(s)
==29430==    at 0x4852E96: memmove (in /usr/libexec/valgrind/vgpreload_memcheck-amd64-linux.so)
==29430==    by 0x11B2E5: Session::handle_Read(boost::system::error_code const&, unsigned long, std::shared_ptr<Session>) (session_v6.cpp:85)
==29430==    by 0x1296EC: void std::__invoke_impl<void, void (Session::*&)(boost::system::error_code const&, unsigned long, std::shared_ptr<Session>), Session*&, boost::system::error_code const&, unsigned long const&, std::shared_ptr<Session>&>(std::__invoke_memfun_deref, void (Session::*&)(boost::system::error_code const&, unsigned long, std::shared_ptr<Session>), Session*&, boost::system::error_code const&, unsigned long const&, std::shared_ptr<Session>&) (invoke.h:74)
==29430==    by 0x1291A0: std::__invoke_result<void (Session::*&)(boost::system::error_code const&, unsigned long, std::shared_ptr<Session>), Session*&, boost::system::error_code const&, unsigned long const&, std::shared_ptr<Session>&>::type std::__invoke<void (Session::*&)(boost::system::error_code const&, unsigned long, std::shared_ptr<Session>), Session*&, boost::system::error_code const&, unsigned long const&, std::shared_ptr<Session>&>(void (Session::*&)(boost::system::error_code const&, unsigned long, std::shared_ptr<Session>), Session*&, boost::system::error_code const&, unsigned long const&, std::shared_ptr<Session>&) (invoke.h:96)
==29430==    by 0x128C36: void std::_Bind<void (Session::*(Session*, std::_Placeholder<1>, std::_Placeholder<2>, std::shared_ptr<Session>))(boost::system::error_code const&, unsigned long, std::shared_ptr<Session>)>::__call<void, boost::system::error_code const&, unsigned long const&, 0ul, 1ul, 2ul, 3ul>(std::tuple<boost::system::error_code const&, unsigned long const&>&&, std::_Index_tuple<0ul, 1ul, 2ul, 3ul>) (functional:506)
==29430==    by 0x128342: void std::_Bind<void (Session::*(Session*, std::_Placeholder<1>, std::_Placeholder<2>, std::shared_ptr<Session>))(boost::system::error_code const&, unsigned long, std::shared_ptr<Session>)>::operator()<boost::system::error_code const&, unsigned long const&, void>(boost::system::error_code const&, unsigned long const&) (functional:591)
==29430==    by 0x127D94: boost::asio::detail::binder2<std::_Bind<void (Session::*(Session*, std::_Placeholder<1>, std::_Placeholder<2>, std::shared_ptr<Session>))(boost::system::error_code const&, unsigned long, std::shared_ptr<Session>)>, boost::system::error_code, unsigned long>::operator()() (bind_handler.hpp:289)
==29430==    by 0x127718: void boost::asio::asio_handler_invoke<boost::asio::detail::binder2<std::_Bind<void (Session::*(Session*, std::_Placeholder<1>, std::_Placeholder<2>, std::shared_ptr<Session>))(boost::system::error_code const&, unsigned long, std::shared_ptr<Session>)>, boost::system::error_code, unsigned long> >(boost::asio::detail::binder2<std::_Bind<void (Session::*(Session*, std::_Placeholder<1>, std::_Placeholder<2>, std::shared_ptr<Session>))(boost::system::error_code const&, unsigned long, std::shared_ptr<Session>)>, boost::system::error_code, unsigned long>&, ...) (handler_invoke_hook.hpp:88)
==29430==    by 0x1272F7: void boost_asio_handler_invoke_helpers::invoke<boost::asio::detail::binder2<std::_Bind<void (Session::*(Session*, std::_Placeholder<1>, std::_Placeholder<2>, std::shared_ptr<Session>))(boost::system::error_code const&, unsigned long, std::shared_ptr<Session>)>, boost::system::error_code, unsigned long>, std::_Bind<void (Session::*(Session*, std::_Placeholder<1>, std::_Placeholder<2>, std::shared_ptr<Session>))(boost::system::error_code const&, unsigned long, std::shared_ptr<Session>)> >(boost::asio::detail::binder2<std::_Bind<void (Session::*(Session*, std::_Placeholder<1>, std::_Placeholder<2>, std::shared_ptr<Session>))(boost::system::error_code const&, unsigned long, std::shared_ptr<Session>)>, boost::system::error_code, unsigned long>&, std::_Bind<void (Session::*(Session*, std::_Placeholder<1>, std::_Placeholder<2>, std::shared_ptr<Session>))(boost::system::error_code const&, unsigned long, std::shared_ptr<Session>)>&) (handler_invoke_helpers.hpp:54)
==29430==    by 0x1269C5: void boost::asio::detail::handler_work<std::_Bind<void (Session::*(Session*, std::_Placeholder<1>, std::_Placeholder<2>, std::shared_ptr<Session>))(boost::system::error_code const&, unsigned long, std::shared_ptr<Session>)>, boost::asio::any_io_executor, void>::complete<boost::asio::detail::binder2<std::_Bind<void (Session::*(Session*, std::_Placeholder<1>, std::_Placeholder<2>, std::shared_ptr<Session>))(boost::system::error_code const&, unsigned long, std::shared_ptr<Session>)>, boost::system::error_code, unsigned long> >(boost::asio::detail::binder2<std::_Bind<void (Session::*(Session*, std::_Placeholder<1>, std::_Placeholder<2>, std::shared_ptr<Session>))(boost::system::error_code const&, unsigned long, std::shared_ptr<Session>)>, boost::system::error_code, unsigned long>&, std::_Bind<void (Session::*(Session*, std::_Placeholder<1>, std::_Placeholder<2>, std::shared_ptr<Session>))(boost::system::error_code const&, unsigned long, std::shared_ptr<Session>)>&) (handler_work.hpp:524)
==29430==    by 0x126004: boost::asio::detail::reactive_socket_recv_op<boost::asio::mutable_buffers_1, std::_Bind<void (Session::*(Session*, std::_Placeholder<1>, std::_Placeholder<2>, std::shared_ptr<Session>))(boost::system::error_code const&, unsigned long, std::shared_ptr<Session>)>, boost::asio::any_io_executor>::do_complete(void*, boost::asio::detail::scheduler_operation*, boost::system::error_code const&, unsigned long) (reactive_socket_recv_op.hpp:152)
==29430==    by 0x113D2D: boost::asio::detail::scheduler_operation::complete(void*, boost::system::error_code const&, unsigned long) (scheduler_operation.hpp:40)
==29430==  Uninitialised value was created by a heap allocation
==29430==    at 0x4846FA3: operator new(unsigned long) (in /usr/libexec/valgrind/vgpreload_memcheck-amd64-linux.so)
==29430==    by 0x126C57: std::__new_allocator<std::_Sp_counted_ptr_inplace<Recv_Node, std::allocator<void>, (__gnu_cxx::_Lock_policy)2> >::allocate(unsigned long, void const*) (new_allocator.h:151)
==29430==    by 0x124FC4: allocate (alloc_traits.h:482)
==29430==    by 0x124FC4: std::__allocated_ptr<std::allocator<std::_Sp_counted_ptr_inplace<Recv_Node, std::allocator<void>, (__gnu_cxx::_Lock_policy)2> > > std::__allocate_guarded<std::allocator<std::_Sp_counted_ptr_inplace<Recv_Node, std::allocator<void>, (__gnu_cxx::_Lock_policy)2> > >(std::allocator<std::_Sp_counted_ptr_inplace<Recv_Node, std::allocator<void>, (__gnu_cxx::_Lock_policy)2> >&) (allocated_ptr.h:98)
==29430==    by 0x123E5E: std::__shared_count<(__gnu_cxx::_Lock_policy)2>::__shared_count<Recv_Node, std::allocator<void>, short&, short&>(Recv_Node*&, std::_Sp_alloc_shared_tag<std::allocator<void> >, short&, short&) (shared_ptr_base.h:969)
==29430==    by 0x1221AF: std::__shared_ptr<Recv_Node, (__gnu_cxx::_Lock_policy)2>::__shared_ptr<std::allocator<void>, short&, short&>(std::_Sp_alloc_shared_tag<std::allocator<void> >, short&, short&) (shared_ptr_base.h:1712)
==29430==    by 0x120C42: std::shared_ptr<Recv_Node>::shared_ptr<std::allocator<void>, short&, short&>(std::_Sp_alloc_shared_tag<std::allocator<void> >, short&, short&) (shared_ptr.h:464)
==29430==    by 0x120115: std::shared_ptr<std::enable_if<!std::is_array<Recv_Node>::value, Recv_Node>::type> std::make_shared<Recv_Node, short&, short&>(short&, short&) (shared_ptr.h:1010)
==29430==    by 0x11B08F: Session::handle_Read(boost::system::error_code const&, unsigned long, std::shared_ptr<Session>) (session_v6.cpp:67)
==29430==    by 0x1296EC: void std::__invoke_impl<void, void (Session::*&)(boost::system::error_code const&, unsigned long, std::shared_ptr<Session>), Session*&, boost::system::error_code const&, unsigned long const&, std::shared_ptr<Session>&>(std::__invoke_memfun_deref, void (Session::*&)(boost::system::error_code const&, unsigned long, std::shared_ptr<Session>), Session*&, boost::system::error_code const&, unsigned long const&, std::shared_ptr<Session>&) (invoke.h:74)
==29430==    by 0x1291A0: std::__invoke_result<void (Session::*&)(boost::system::error_code const&, unsigned long, std::shared_ptr<Session>), Session*&, boost::system::error_code const&, unsigned long const&, std::shared_ptr<Session>&>::type std::__invoke<void (Session::*&)(boost::system::error_code const&, unsigned long, std::shared_ptr<Session>), Session*&, boost::system::error_code const&, unsigned long const&, std::shared_ptr<Session>&>(void (Session::*&)(boost::system::error_code const&, unsigned long, std::shared_ptr<Session>), Session*&, boost::system::error_code const&, unsigned long const&, std::shared_ptr<Session>&) (invoke.h:96)
==29430==    by 0x128C36: void std::_Bind<void (Session::*(Session*, std::_Placeholder<1>, std::_Placeholder<2>, std::shared_ptr<Session>))(boost::system::error_code const&, unsigned long, std::shared_ptr<Session>)>::__call<void, boost::system::error_code const&, unsigned long const&, 0ul, 1ul, 2ul, 3ul>(std::tuple<boost::system::error_code const&, unsigned long const&>&&, std::_Index_tuple<0ul, 1ul, 2ul, 3ul>) (functional:506)
==29430==    by 0x128342: void std::_Bind<void (Session::*(Session*, std::_Placeholder<1>, std::_Placeholder<2>, std::shared_ptr<Session>))(boost::system::error_code const&, unsigned long, std::shared_ptr<Session>)>::operator()<boost::system::error_code const&, unsigned long const&, void>(boost::system::error_code const&, unsigned long const&) (functional:591)
==29430== 
==29430== Use of uninitialised value of size 8
==29430==    at 0x4852EB0: memmove (in /usr/libexec/valgrind/vgpreload_memcheck-amd64-linux.so)
==29430==    by 0x11B2E5: Session::handle_Read(boost::system::error_code const&, unsigned long, std::shared_ptr<Session>) (session_v6.cpp:85)
==29430==    by 0x1296EC: void std::__invoke_impl<void, void (Session::*&)(boost::system::error_code const&, unsigned long, std::shared_ptr<Session>), Session*&, boost::system::error_code const&, unsigned long const&, std::shared_ptr<Session>&>(std::__invoke_memfun_deref, void (Session::*&)(boost::system::error_code const&, unsigned long, std::shared_ptr<Session>), Session*&, boost::system::error_code const&, unsigned long const&, std::shared_ptr<Session>&) (invoke.h:74)
==29430==    by 0x1291A0: std::__invoke_result<void (Session::*&)(boost::system::error_code const&, unsigned long, std::shared_ptr<Session>), Session*&, boost::system::error_code const&, unsigned long const&, std::shared_ptr<Session>&>::type std::__invoke<void (Session::*&)(boost::system::error_code const&, unsigned long, std::shared_ptr<Session>), Session*&, boost::system::error_code const&, unsigned long const&, std::shared_ptr<Session>&>(void (Session::*&)(boost::system::error_code const&, unsigned long, std::shared_ptr<Session>), Session*&, boost::system::error_code const&, unsigned long const&, std::shared_ptr<Session>&) (invoke.h:96)
==29430==    by 0x128C36: void std::_Bind<void (Session::*(Session*, std::_Placeholder<1>, std::_Placeholder<2>, std::shared_ptr<Session>))(boost::system::error_code const&, unsigned long, std::shared_ptr<Session>)>::__call<void, boost::system::error_code const&, unsigned long const&, 0ul, 1ul, 2ul, 3ul>(std::tuple<boost::system::error_code const&, unsigned long const&>&&, std::_Index_tuple<0ul, 1ul, 2ul, 3ul>) (functional:506)
==29430==    by 0x128342: void std::_Bind<void (Session::*(Session*, std::_Placeholder<1>, std::_Placeholder<2>, std::shared_ptr<Session>))(boost::system::error_code const&, unsigned long, std::shared_ptr<Session>)>::operator()<boost::system::error_code const&, unsigned long const&, void>(boost::system::error_code const&, unsigned long const&) (functional:591)
==29430==    by 0x127D94: boost::asio::detail::binder2<std::_Bind<void (Session::*(Session*, std::_Placeholder<1>, std::_Placeholder<2>, std::shared_ptr<Session>))(boost::system::error_code const&, unsigned long, std::shared_ptr<Session>)>, boost::system::error_code, unsigned long>::operator()() (bind_handler.hpp:289)
==29430==    by 0x127718: void boost::asio::asio_handler_invoke<boost::asio::detail::binder2<std::_Bind<void (Session::*(Session*, std::_Placeholder<1>, std::_Placeholder<2>, std::shared_ptr<Session>))(boost::system::error_code const&, unsigned long, std::shared_ptr<Session>)>, boost::system::error_code, unsigned long> >(boost::asio::detail::binder2<std::_Bind<void (Session::*(Session*, std::_Placeholder<1>, std::_Placeholder<2>, std::shared_ptr<Session>))(boost::system::error_code const&, unsigned long, std::shared_ptr<Session>)>, boost::system::error_code, unsigned long>&, ...) (handler_invoke_hook.hpp:88)
==29430==    by 0x1272F7: void boost_asio_handler_invoke_helpers::invoke<boost::asio::detail::binder2<std::_Bind<void (Session::*(Session*, std::_Placeholder<1>, std::_Placeholder<2>, std::shared_ptr<Session>))(boost::system::error_code const&, unsigned long, std::shared_ptr<Session>)>, boost::system::error_code, unsigned long>, std::_Bind<void (Session::*(Session*, std::_Placeholder<1>, std::_Placeholder<2>, std::shared_ptr<Session>))(boost::system::error_code const&, unsigned long, std::shared_ptr<Session>)> >(boost::asio::detail::binder2<std::_Bind<void (Session::*(Session*, std::_Placeholder<1>, std::_Placeholder<2>, std::shared_ptr<Session>))(boost::system::error_code const&, unsigned long, std::shared_ptr<Session>)>, boost::system::error_code, unsigned long>&, std::_Bind<void (Session::*(Session*, std::_Placeholder<1>, std::_Placeholder<2>, std::shared_ptr<Session>))(boost::system::error_code const&, unsigned long, std::shared_ptr<Session>)>&) (handler_invoke_helpers.hpp:54)
==29430==    by 0x1269C5: void boost::asio::detail::handler_work<std::_Bind<void (Session::*(Session*, std::_Placeholder<1>, std::_Placeholder<2>, std::shared_ptr<Session>))(boost::system::error_code const&, unsigned long, std::shared_ptr<Session>)>, boost::asio::any_io_executor, void>::complete<boost::asio::detail::binder2<std::_Bind<void (Session::*(Session*, std::_Placeholder<1>, std::_Placeholder<2>, std::shared_ptr<Session>))(boost::system::error_code const&, unsigned long, std::shared_ptr<Session>)>, boost::system::error_code, unsigned long> >(boost::asio::detail::binder2<std::_Bind<void (Session::*(Session*, std::_Placeholder<1>, std::_Placeholder<2>, std::shared_ptr<Session>))(boost::system::error_code const&, unsigned long, std::shared_ptr<Session>)>, boost::system::error_code, unsigned long>&, std::_Bind<void (Session::*(Session*, std::_Placeholder<1>, std::_Placeholder<2>, std::shared_ptr<Session>))(boost::system::error_code const&, unsigned long, std::shared_ptr<Session>)>&) (handler_work.hpp:524)
==29430==    by 0x126004: boost::asio::detail::reactive_socket_recv_op<boost::asio::mutable_buffers_1, std::_Bind<void (Session::*(Session*, std::_Placeholder<1>, std::_Placeholder<2>, std::shared_ptr<Session>))(boost::system::error_code const&, unsigned long, std::shared_ptr<Session>)>, boost::asio::any_io_executor>::do_complete(void*, boost::asio::detail::scheduler_operation*, boost::system::error_code const&, unsigned long) (reactive_socket_recv_op.hpp:152)
==29430==    by 0x113D2D: boost::asio::detail::scheduler_operation::complete(void*, boost::system::error_code const&, unsigned long) (scheduler_operation.hpp:40)
==29430==  Uninitialised value was created by a heap allocation
==29430==    at 0x4846FA3: operator new(unsigned long) (in /usr/libexec/valgrind/vgpreload_memcheck-amd64-linux.so)
==29430==    by 0x132E2B: std::__new_allocator<std::_Sp_counted_ptr_inplace<Msg_Node, std::allocator<void>, (__gnu_cxx::_Lock_policy)2> >::allocate(unsigned long, void const*) (new_allocator.h:151)
==29430==    by 0x13116B: allocate (alloc_traits.h:482)
==29430==    by 0x13116B: std::__allocated_ptr<std::allocator<std::_Sp_counted_ptr_inplace<Msg_Node, std::allocator<void>, (__gnu_cxx::_Lock_policy)2> > > std::__allocate_guarded<std::allocator<std::_Sp_counted_ptr_inplace<Msg_Node, std::allocator<void>, (__gnu_cxx::_Lock_policy)2> > >(std::allocator<std::_Sp_counted_ptr_inplace<Msg_Node, std::allocator<void>, (__gnu_cxx::_Lock_policy)2> >&) (allocated_ptr.h:98)
==29430==    by 0x1302E5: std::__shared_count<(__gnu_cxx::_Lock_policy)2>::__shared_count<Msg_Node, std::allocator<void>, int>(Msg_Node*&, std::_Sp_alloc_shared_tag<std::allocator<void> >, int&&) (shared_ptr_base.h:969)
==29430==    by 0x12F5E1: std::__shared_ptr<Msg_Node, (__gnu_cxx::_Lock_policy)2>::__shared_ptr<std::allocator<void>, int>(std::_Sp_alloc_shared_tag<std::allocator<void> >, int&&) (shared_ptr_base.h:1712)
==29430==    by 0x12EB66: std::shared_ptr<Msg_Node>::shared_ptr<std::allocator<void>, int>(std::_Sp_alloc_shared_tag<std::allocator<void> >, int&&) (shared_ptr.h:464)
==29430==    by 0x12DEB2: std::shared_ptr<std::enable_if<!std::is_array<Msg_Node>::value, Msg_Node>::type> std::make_shared<Msg_Node, int>(int&&) (shared_ptr.h:1010)
==29430==    by 0x12D517: Session::Session(boost::asio::io_context&, Server*) (session_v6.h:32)
==29430==    by 0x133BE6: void std::_Construct<Session, boost::asio::io_context&, Server*>(Session*, boost::asio::io_context&, Server*&&) (stl_construct.h:119)
==29430==    by 0x13165E: construct<Session, boost::asio::io_context&, Server*> (alloc_traits.h:661)
==29430==    by 0x13165E: std::_Sp_counted_ptr_inplace<Session, std::allocator<void>, (__gnu_cxx::_Lock_policy)2>::_Sp_counted_ptr_inplace<boost::asio::io_context&, Server*>(std::allocator<void>, boost::asio::io_context&, Server*&&) (shared_ptr_base.h:604)
==29430==    by 0x130787: std::__shared_count<(__gnu_cxx::_Lock_policy)2>::__shared_count<Session, std::allocator<void>, boost::asio::io_context&, Server*>(Session*&, std::_Sp_alloc_shared_tag<std::allocator<void> >, boost::asio::io_context&, Server*&&) (shared_ptr_base.h:971)
==29430==    by 0x12FC69: std::__shared_ptr<Session, (__gnu_cxx::_Lock_policy)2>::__shared_ptr<std::allocator<void>, boost::asio::io_context&, Server*>(std::_Sp_alloc_shared_tag<std::allocator<void> >, boost::asio::io_context&, Server*&&) (shared_ptr_base.h:1712)
==29430== 
==29430== Use of uninitialised value of size 8
==29430==    at 0x4852EB3: memmove (in /usr/libexec/valgrind/vgpreload_memcheck-amd64-linux.so)
==29430==    by 0x11B2E5: Session::handle_Read(boost::system::error_code const&, unsigned long, std::shared_ptr<Session>) (session_v6.cpp:85)
==29430==    by 0x1296EC: void std::__invoke_impl<void, void (Session::*&)(boost::system::error_code const&, unsigned long, std::shared_ptr<Session>), Session*&, boost::system::error_code const&, unsigned long const&, std::shared_ptr<Session>&>(std::__invoke_memfun_deref, void (Session::*&)(boost::system::error_code const&, unsigned long, std::shared_ptr<Session>), Session*&, boost::system::error_code const&, unsigned long const&, std::shared_ptr<Session>&) (invoke.h:74)
==29430==    by 0x1291A0: std::__invoke_result<void (Session::*&)(boost::system::error_code const&, unsigned long, std::shared_ptr<Session>), Session*&, boost::system::error_code const&, unsigned long const&, std::shared_ptr<Session>&>::type std::__invoke<void (Session::*&)(boost::system::error_code const&, unsigned long, std::shared_ptr<Session>), Session*&, boost::system::error_code const&, unsigned long const&, std::shared_ptr<Session>&>(void (Session::*&)(boost::system::error_code const&, unsigned long, std::shared_ptr<Session>), Session*&, boost::system::error_code const&, unsigned long const&, std::shared_ptr<Session>&) (invoke.h:96)
==29430==    by 0x128C36: void std::_Bind<void (Session::*(Session*, std::_Placeholder<1>, std::_Placeholder<2>, std::shared_ptr<Session>))(boost::system::error_code const&, unsigned long, std::shared_ptr<Session>)>::__call<void, boost::system::error_code const&, unsigned long const&, 0ul, 1ul, 2ul, 3ul>(std::tuple<boost::system::error_code const&, unsigned long const&>&&, std::_Index_tuple<0ul, 1ul, 2ul, 3ul>) (functional:506)
==29430==    by 0x128342: void std::_Bind<void (Session::*(Session*, std::_Placeholder<1>, std::_Placeholder<2>, std::shared_ptr<Session>))(boost::system::error_code const&, unsigned long, std::shared_ptr<Session>)>::operator()<boost::system::error_code const&, unsigned long const&, void>(boost::system::error_code const&, unsigned long const&) (functional:591)
==29430==    by 0x127D94: boost::asio::detail::binder2<std::_Bind<void (Session::*(Session*, std::_Placeholder<1>, std::_Placeholder<2>, std::shared_ptr<Session>))(boost::system::error_code const&, unsigned long, std::shared_ptr<Session>)>, boost::system::error_code, unsigned long>::operator()() (bind_handler.hpp:289)
==29430==    by 0x127718: void boost::asio::asio_handler_invoke<boost::asio::detail::binder2<std::_Bind<void (Session::*(Session*, std::_Placeholder<1>, std::_Placeholder<2>, std::shared_ptr<Session>))(boost::system::error_code const&, unsigned long, std::shared_ptr<Session>)>, boost::system::error_code, unsigned long> >(boost::asio::detail::binder2<std::_Bind<void (Session::*(Session*, std::_Placeholder<1>, std::_Placeholder<2>, std::shared_ptr<Session>))(boost::system::error_code const&, unsigned long, std::shared_ptr<Session>)>, boost::system::error_code, unsigned long>&, ...) (handler_invoke_hook.hpp:88)
==29430==    by 0x1272F7: void boost_asio_handler_invoke_helpers::invoke<boost::asio::detail::binder2<std::_Bind<void (Session::*(Session*, std::_Placeholder<1>, std::_Placeholder<2>, std::shared_ptr<Session>))(boost::system::error_code const&, unsigned long, std::shared_ptr<Session>)>, boost::system::error_code, unsigned long>, std::_Bind<void (Session::*(Session*, std::_Placeholder<1>, std::_Placeholder<2>, std::shared_ptr<Session>))(boost::system::error_code const&, unsigned long, std::shared_ptr<Session>)> >(boost::asio::detail::binder2<std::_Bind<void (Session::*(Session*, std::_Placeholder<1>, std::_Placeholder<2>, std::shared_ptr<Session>))(boost::system::error_code const&, unsigned long, std::shared_ptr<Session>)>, boost::system::error_code, unsigned long>&, std::_Bind<void (Session::*(Session*, std::_Placeholder<1>, std::_Placeholder<2>, std::shared_ptr<Session>))(boost::system::error_code const&, unsigned long, std::shared_ptr<Session>)>&) (handler_invoke_helpers.hpp:54)
==29430==    by 0x1269C5: void boost::asio::detail::handler_work<std::_Bind<void (Session::*(Session*, std::_Placeholder<1>, std::_Placeholder<2>, std::shared_ptr<Session>))(boost::system::error_code const&, unsigned long, std::shared_ptr<Session>)>, boost::asio::any_io_executor, void>::complete<boost::asio::detail::binder2<std::_Bind<void (Session::*(Session*, std::_Placeholder<1>, std::_Placeholder<2>, std::shared_ptr<Session>))(boost::system::error_code const&, unsigned long, std::shared_ptr<Session>)>, boost::system::error_code, unsigned long> >(boost::asio::detail::binder2<std::_Bind<void (Session::*(Session*, std::_Placeholder<1>, std::_Placeholder<2>, std::shared_ptr<Session>))(boost::system::error_code const&, unsigned long, std::shared_ptr<Session>)>, boost::system::error_code, unsigned long>&, std::_Bind<void (Session::*(Session*, std::_Placeholder<1>, std::_Placeholder<2>, std::shared_ptr<Session>))(boost::system::error_code const&, unsigned long, std::shared_ptr<Session>)>&) (handler_work.hpp:524)
==29430==    by 0x126004: boost::asio::detail::reactive_socket_recv_op<boost::asio::mutable_buffers_1, std::_Bind<void (Session::*(Session*, std::_Placeholder<1>, std::_Placeholder<2>, std::shared_ptr<Session>))(boost::system::error_code const&, unsigned long, std::shared_ptr<Session>)>, boost::asio::any_io_executor>::do_complete(void*, boost::asio::detail::scheduler_operation*, boost::system::error_code const&, unsigned long) (reactive_socket_recv_op.hpp:152)
==29430==    by 0x113D2D: boost::asio::detail::scheduler_operation::complete(void*, boost::system::error_code const&, unsigned long) (scheduler_operation.hpp:40)
==29430==  Uninitialised value was created by a heap allocation
==29430==    at 0x4846FA3: operator new(unsigned long) (in /usr/libexec/valgrind/vgpreload_memcheck-amd64-linux.so)
==29430==    by 0x126C57: std::__new_allocator<std::_Sp_counted_ptr_inplace<Recv_Node, std::allocator<void>, (__gnu_cxx::_Lock_policy)2> >::allocate(unsigned long, void const*) (new_allocator.h:151)
==29430==    by 0x124FC4: allocate (alloc_traits.h:482)
==29430==    by 0x124FC4: std::__allocated_ptr<std::allocator<std::_Sp_counted_ptr_inplace<Recv_Node, std::allocator<void>, (__gnu_cxx::_Lock_policy)2> > > std::__allocate_guarded<std::allocator<std::_Sp_counted_ptr_inplace<Recv_Node, std::allocator<void>, (__gnu_cxx::_Lock_policy)2> > >(std::allocator<std::_Sp_counted_ptr_inplace<Recv_Node, std::allocator<void>, (__gnu_cxx::_Lock_policy)2> >&) (allocated_ptr.h:98)
==29430==    by 0x123E5E: std::__shared_count<(__gnu_cxx::_Lock_policy)2>::__shared_count<Recv_Node, std::allocator<void>, short&, short&>(Recv_Node*&, std::_Sp_alloc_shared_tag<std::allocator<void> >, short&, short&) (shared_ptr_base.h:969)
==29430==    by 0x1221AF: std::__shared_ptr<Recv_Node, (__gnu_cxx::_Lock_policy)2>::__shared_ptr<std::allocator<void>, short&, short&>(std::_Sp_alloc_shared_tag<std::allocator<void> >, short&, short&) (shared_ptr_base.h:1712)
==29430==    by 0x120C42: std::shared_ptr<Recv_Node>::shared_ptr<std::allocator<void>, short&, short&>(std::_Sp_alloc_shared_tag<std::allocator<void> >, short&, short&) (shared_ptr.h:464)
==29430==    by 0x120115: std::shared_ptr<std::enable_if<!std::is_array<Recv_Node>::value, Recv_Node>::type> std::make_shared<Recv_Node, short&, short&>(short&, short&) (shared_ptr.h:1010)
==29430==    by 0x11B08F: Session::handle_Read(boost::system::error_code const&, unsigned long, std::shared_ptr<Session>) (session_v6.cpp:67)
==29430==    by 0x1296EC: void std::__invoke_impl<void, void (Session::*&)(boost::system::error_code const&, unsigned long, std::shared_ptr<Session>), Session*&, boost::system::error_code const&, unsigned long const&, std::shared_ptr<Session>&>(std::__invoke_memfun_deref, void (Session::*&)(boost::system::error_code const&, unsigned long, std::shared_ptr<Session>), Session*&, boost::system::error_code const&, unsigned long const&, std::shared_ptr<Session>&) (invoke.h:74)
==29430==    by 0x1291A0: std::__invoke_result<void (Session::*&)(boost::system::error_code const&, unsigned long, std::shared_ptr<Session>), Session*&, boost::system::error_code const&, unsigned long const&, std::shared_ptr<Session>&>::type std::__invoke<void (Session::*&)(boost::system::error_code const&, unsigned long, std::shared_ptr<Session>), Session*&, boost::system::error_code const&, unsigned long const&, std::shared_ptr<Session>&>(void (Session::*&)(boost::system::error_code const&, unsigned long, std::shared_ptr<Session>), Session*&, boost::system::error_code const&, unsigned long const&, std::shared_ptr<Session>&) (invoke.h:96)
==29430==    by 0x128C36: void std::_Bind<void (Session::*(Session*, std::_Placeholder<1>, std::_Placeholder<2>, std::shared_ptr<Session>))(boost::system::error_code const&, unsigned long, std::shared_ptr<Session>)>::__call<void, boost::system::error_code const&, unsigned long const&, 0ul, 1ul, 2ul, 3ul>(std::tuple<boost::system::error_code const&, unsigned long const&>&&, std::_Index_tuple<0ul, 1ul, 2ul, 3ul>) (functional:506)
==29430==    by 0x128342: void std::_Bind<void (Session::*(Session*, std::_Placeholder<1>, std::_Placeholder<2>, std::shared_ptr<Session>))(boost::system::error_code const&, unsigned long, std::shared_ptr<Session>)>::operator()<boost::system::error_code const&, unsigned long const&, void>(boost::system::error_code const&, unsigned long const&) (functional:591)
==29430== 
==29430== Conditional jump or move depends on uninitialised value(s)
==29430==    at 0x4852EBF: memmove (in /usr/libexec/valgrind/vgpreload_memcheck-amd64-linux.so)
==29430==    by 0x11B2E5: Session::handle_Read(boost::system::error_code const&, unsigned long, std::shared_ptr<Session>) (session_v6.cpp:85)
==29430==    by 0x1296EC: void std::__invoke_impl<void, void (Session::*&)(boost::system::error_code const&, unsigned long, std::shared_ptr<Session>), Session*&, boost::system::error_code const&, unsigned long const&, std::shared_ptr<Session>&>(std::__invoke_memfun_deref, void (Session::*&)(boost::system::error_code const&, unsigned long, std::shared_ptr<Session>), Session*&, boost::system::error_code const&, unsigned long const&, std::shared_ptr<Session>&) (invoke.h:74)
==29430==    by 0x1291A0: std::__invoke_result<void (Session::*&)(boost::system::error_code const&, unsigned long, std::shared_ptr<Session>), Session*&, boost::system::error_code const&, unsigned long const&, std::shared_ptr<Session>&>::type std::__invoke<void (Session::*&)(boost::system::error_code const&, unsigned long, std::shared_ptr<Session>), Session*&, boost::system::error_code const&, unsigned long const&, std::shared_ptr<Session>&>(void (Session::*&)(boost::system::error_code const&, unsigned long, std::shared_ptr<Session>), Session*&, boost::system::error_code const&, unsigned long const&, std::shared_ptr<Session>&) (invoke.h:96)
==29430==    by 0x128C36: void std::_Bind<void (Session::*(Session*, std::_Placeholder<1>, std::_Placeholder<2>, std::shared_ptr<Session>))(boost::system::error_code const&, unsigned long, std::shared_ptr<Session>)>::__call<void, boost::system::error_code const&, unsigned long const&, 0ul, 1ul, 2ul, 3ul>(std::tuple<boost::system::error_code const&, unsigned long const&>&&, std::_Index_tuple<0ul, 1ul, 2ul, 3ul>) (functional:506)
==29430==    by 0x128342: void std::_Bind<void (Session::*(Session*, std::_Placeholder<1>, std::_Placeholder<2>, std::shared_ptr<Session>))(boost::system::error_code const&, unsigned long, std::shared_ptr<Session>)>::operator()<boost::system::error_code const&, unsigned long const&, void>(boost::system::error_code const&, unsigned long const&) (functional:591)
==29430==    by 0x127D94: boost::asio::detail::binder2<std::_Bind<void (Session::*(Session*, std::_Placeholder<1>, std::_Placeholder<2>, std::shared_ptr<Session>))(boost::system::error_code const&, unsigned long, std::shared_ptr<Session>)>, boost::system::error_code, unsigned long>::operator()() (bind_handler.hpp:289)
==29430==    by 0x127718: void boost::asio::asio_handler_invoke<boost::asio::detail::binder2<std::_Bind<void (Session::*(Session*, std::_Placeholder<1>, std::_Placeholder<2>, std::shared_ptr<Session>))(boost::system::error_code const&, unsigned long, std::shared_ptr<Session>)>, boost::system::error_code, unsigned long> >(boost::asio::detail::binder2<std::_Bind<void (Session::*(Session*, std::_Placeholder<1>, std::_Placeholder<2>, std::shared_ptr<Session>))(boost::system::error_code const&, unsigned long, std::shared_ptr<Session>)>, boost::system::error_code, unsigned long>&, ...) (handler_invoke_hook.hpp:88)
==29430==    by 0x1272F7: void boost_asio_handler_invoke_helpers::invoke<boost::asio::detail::binder2<std::_Bind<void (Session::*(Session*, std::_Placeholder<1>, std::_Placeholder<2>, std::shared_ptr<Session>))(boost::system::error_code const&, unsigned long, std::shared_ptr<Session>)>, boost::system::error_code, unsigned long>, std::_Bind<void (Session::*(Session*, std::_Placeholder<1>, std::_Placeholder<2>, std::shared_ptr<Session>))(boost::system::error_code const&, unsigned long, std::shared_ptr<Session>)> >(boost::asio::detail::binder2<std::_Bind<void (Session::*(Session*, std::_Placeholder<1>, std::_Placeholder<2>, std::shared_ptr<Session>))(boost::system::error_code const&, unsigned long, std::shared_ptr<Session>)>, boost::system::error_code, unsigned long>&, std::_Bind<void (Session::*(Session*, std::_Placeholder<1>, std::_Placeholder<2>, std::shared_ptr<Session>))(boost::system::error_code const&, unsigned long, std::shared_ptr<Session>)>&) (handler_invoke_helpers.hpp:54)
==29430==    by 0x1269C5: void boost::asio::detail::handler_work<std::_Bind<void (Session::*(Session*, std::_Placeholder<1>, std::_Placeholder<2>, std::shared_ptr<Session>))(boost::system::error_code const&, unsigned long, std::shared_ptr<Session>)>, boost::asio::any_io_executor, void>::complete<boost::asio::detail::binder2<std::_Bind<void (Session::*(Session*, std::_Placeholder<1>, std::_Placeholder<2>, std::shared_ptr<Session>))(boost::system::error_code const&, unsigned long, std::shared_ptr<Session>)>, boost::system::error_code, unsigned long> >(boost::asio::detail::binder2<std::_Bind<void (Session::*(Session*, std::_Placeholder<1>, std::_Placeholder<2>, std::shared_ptr<Session>))(boost::system::error_code const&, unsigned long, std::shared_ptr<Session>)>, boost::system::error_code, unsigned long>&, std::_Bind<void (Session::*(Session*, std::_Placeholder<1>, std::_Placeholder<2>, std::shared_ptr<Session>))(boost::system::error_code const&, unsigned long, std::shared_ptr<Session>)>&) (handler_work.hpp:524)
==29430==    by 0x126004: boost::asio::detail::reactive_socket_recv_op<boost::asio::mutable_buffers_1, std::_Bind<void (Session::*(Session*, std::_Placeholder<1>, std::_Placeholder<2>, std::shared_ptr<Session>))(boost::system::error_code const&, unsigned long, std::shared_ptr<Session>)>, boost::asio::any_io_executor>::do_complete(void*, boost::asio::detail::scheduler_operation*, boost::system::error_code const&, unsigned long) (reactive_socket_recv_op.hpp:152)
==29430==    by 0x113D2D: boost::asio::detail::scheduler_operation::complete(void*, boost::system::error_code const&, unsigned long) (scheduler_operation.hpp:40)
==29430==  Uninitialised value was created by a heap allocation
==29430==    at 0x4846FA3: operator new(unsigned long) (in /usr/libexec/valgrind/vgpreload_memcheck-amd64-linux.so)
==29430==    by 0x132E2B: std::__new_allocator<std::_Sp_counted_ptr_inplace<Msg_Node, std::allocator<void>, (__gnu_cxx::_Lock_policy)2> >::allocate(unsigned long, void const*) (new_allocator.h:151)
==29430==    by 0x13116B: allocate (alloc_traits.h:482)
==29430==    by 0x13116B: std::__allocated_ptr<std::allocator<std::_Sp_counted_ptr_inplace<Msg_Node, std::allocator<void>, (__gnu_cxx::_Lock_policy)2> > > std::__allocate_guarded<std::allocator<std::_Sp_counted_ptr_inplace<Msg_Node, std::allocator<void>, (__gnu_cxx::_Lock_policy)2> > >(std::allocator<std::_Sp_counted_ptr_inplace<Msg_Node, std::allocator<void>, (__gnu_cxx::_Lock_policy)2> >&) (allocated_ptr.h:98)
==29430==    by 0x1302E5: std::__shared_count<(__gnu_cxx::_Lock_policy)2>::__shared_count<Msg_Node, std::allocator<void>, int>(Msg_Node*&, std::_Sp_alloc_shared_tag<std::allocator<void> >, int&&) (shared_ptr_base.h:969)
==29430==    by 0x12F5E1: std::__shared_ptr<Msg_Node, (__gnu_cxx::_Lock_policy)2>::__shared_ptr<std::allocator<void>, int>(std::_Sp_alloc_shared_tag<std::allocator<void> >, int&&) (shared_ptr_base.h:1712)
==29430==    by 0x12EB66: std::shared_ptr<Msg_Node>::shared_ptr<std::allocator<void>, int>(std::_Sp_alloc_shared_tag<std::allocator<void> >, int&&) (shared_ptr.h:464)
==29430==    by 0x12DEB2: std::shared_ptr<std::enable_if<!std::is_array<Msg_Node>::value, Msg_Node>::type> std::make_shared<Msg_Node, int>(int&&) (shared_ptr.h:1010)
==29430==    by 0x12D517: Session::Session(boost::asio::io_context&, Server*) (session_v6.h:32)
==29430==    by 0x133BE6: void std::_Construct<Session, boost::asio::io_context&, Server*>(Session*, boost::asio::io_context&, Server*&&) (stl_construct.h:119)
==29430==    by 0x13165E: construct<Session, boost::asio::io_context&, Server*> (alloc_traits.h:661)
==29430==    by 0x13165E: std::_Sp_counted_ptr_inplace<Session, std::allocator<void>, (__gnu_cxx::_Lock_policy)2>::_Sp_counted_ptr_inplace<boost::asio::io_context&, Server*>(std::allocator<void>, boost::asio::io_context&, Server*&&) (shared_ptr_base.h:604)
==29430==    by 0x130787: std::__shared_count<(__gnu_cxx::_Lock_policy)2>::__shared_count<Session, std::allocator<void>, boost::asio::io_context&, Server*>(Session*&, std::_Sp_alloc_shared_tag<std::allocator<void> >, boost::asio::io_context&, Server*&&) (shared_ptr_base.h:971)
==29430==    by 0x12FC69: std::__shared_ptr<Session, (__gnu_cxx::_Lock_policy)2>::__shared_ptr<std::allocator<void>, boost::asio::io_context&, Server*>(std::_Sp_alloc_shared_tag<std::allocator<void> >, boost::asio::io_context&, Server*&&) (shared_ptr_base.h:1712)
==29430== 
==29430== Conditional jump or move depends on uninitialised value(s)
==29430==    at 0x11B649: Session::handle_Read(boost::system::error_code const&, unsigned long, std::shared_ptr<Session>) (session_v6.cpp:103)
==29430==    by 0x1296EC: void std::__invoke_impl<void, void (Session::*&)(boost::system::error_code const&, unsigned long, std::shared_ptr<Session>), Session*&, boost::system::error_code const&, unsigned long const&, std::shared_ptr<Session>&>(std::__invoke_memfun_deref, void (Session::*&)(boost::system::error_code const&, unsigned long, std::shared_ptr<Session>), Session*&, boost::system::error_code const&, unsigned long const&, std::shared_ptr<Session>&) (invoke.h:74)
==29430==    by 0x1291A0: std::__invoke_result<void (Session::*&)(boost::system::error_code const&, unsigned long, std::shared_ptr<Session>), Session*&, boost::system::error_code const&, unsigned long const&, std::shared_ptr<Session>&>::type std::__invoke<void (Session::*&)(boost::system::error_code const&, unsigned long, std::shared_ptr<Session>), Session*&, boost::system::error_code const&, unsigned long const&, std::shared_ptr<Session>&>(void (Session::*&)(boost::system::error_code const&, unsigned long, std::shared_ptr<Session>), Session*&, boost::system::error_code const&, unsigned long const&, std::shared_ptr<Session>&) (invoke.h:96)
==29430==    by 0x128C36: void std::_Bind<void (Session::*(Session*, std::_Placeholder<1>, std::_Placeholder<2>, std::shared_ptr<Session>))(boost::system::error_code const&, unsigned long, std::shared_ptr<Session>)>::__call<void, boost::system::error_code const&, unsigned long const&, 0ul, 1ul, 2ul, 3ul>(std::tuple<boost::system::error_code const&, unsigned long const&>&&, std::_Index_tuple<0ul, 1ul, 2ul, 3ul>) (functional:506)
==29430==    by 0x128342: void std::_Bind<void (Session::*(Session*, std::_Placeholder<1>, std::_Placeholder<2>, std::shared_ptr<Session>))(boost::system::error_code const&, unsigned long, std::shared_ptr<Session>)>::operator()<boost::system::error_code const&, unsigned long const&, void>(boost::system::error_code const&, unsigned long const&) (functional:591)
==29430==    by 0x127D94: boost::asio::detail::binder2<std::_Bind<void (Session::*(Session*, std::_Placeholder<1>, std::_Placeholder<2>, std::shared_ptr<Session>))(boost::system::error_code const&, unsigned long, std::shared_ptr<Session>)>, boost::system::error_code, unsigned long>::operator()() (bind_handler.hpp:289)
==29430==    by 0x127718: void boost::asio::asio_handler_invoke<boost::asio::detail::binder2<std::_Bind<void (Session::*(Session*, std::_Placeholder<1>, std::_Placeholder<2>, std::shared_ptr<Session>))(boost::system::error_code const&, unsigned long, std::shared_ptr<Session>)>, boost::system::error_code, unsigned long> >(boost::asio::detail::binder2<std::_Bind<void (Session::*(Session*, std::_Placeholder<1>, std::_Placeholder<2>, std::shared_ptr<Session>))(boost::system::error_code const&, unsigned long, std::shared_ptr<Session>)>, boost::system::error_code, unsigned long>&, ...) (handler_invoke_hook.hpp:88)
==29430==    by 0x1272F7: void boost_asio_handler_invoke_helpers::invoke<boost::asio::detail::binder2<std::_Bind<void (Session::*(Session*, std::_Placeholder<1>, std::_Placeholder<2>, std::shared_ptr<Session>))(boost::system::error_code const&, unsigned long, std::shared_ptr<Session>)>, boost::system::error_code, unsigned long>, std::_Bind<void (Session::*(Session*, std::_Placeholder<1>, std::_Placeholder<2>, std::shared_ptr<Session>))(boost::system::error_code const&, unsigned long, std::shared_ptr<Session>)> >(boost::asio::detail::binder2<std::_Bind<void (Session::*(Session*, std::_Placeholder<1>, std::_Placeholder<2>, std::shared_ptr<Session>))(boost::system::error_code const&, unsigned long, std::shared_ptr<Session>)>, boost::system::error_code, unsigned long>&, std::_Bind<void (Session::*(Session*, std::_Placeholder<1>, std::_Placeholder<2>, std::shared_ptr<Session>))(boost::system::error_code const&, unsigned long, std::shared_ptr<Session>)>&) (handler_invoke_helpers.hpp:54)
==29430==    by 0x1269C5: void boost::asio::detail::handler_work<std::_Bind<void (Session::*(Session*, std::_Placeholder<1>, std::_Placeholder<2>, std::shared_ptr<Session>))(boost::system::error_code const&, unsigned long, std::shared_ptr<Session>)>, boost::asio::any_io_executor, void>::complete<boost::asio::detail::binder2<std::_Bind<void (Session::*(Session*, std::_Placeholder<1>, std::_Placeholder<2>, std::shared_ptr<Session>))(boost::system::error_code const&, unsigned long, std::shared_ptr<Session>)>, boost::system::error_code, unsigned long> >(boost::asio::detail::binder2<std::_Bind<void (Session::*(Session*, std::_Placeholder<1>, std::_Placeholder<2>, std::shared_ptr<Session>))(boost::system::error_code const&, unsigned long, std::shared_ptr<Session>)>, boost::system::error_code, unsigned long>&, std::_Bind<void (Session::*(Session*, std::_Placeholder<1>, std::_Placeholder<2>, std::shared_ptr<Session>))(boost::system::error_code const&, unsigned long, std::shared_ptr<Session>)>&) (handler_work.hpp:524)
==29430==    by 0x126004: boost::asio::detail::reactive_socket_recv_op<boost::asio::mutable_buffers_1, std::_Bind<void (Session::*(Session*, std::_Placeholder<1>, std::_Placeholder<2>, std::shared_ptr<Session>))(boost::system::error_code const&, unsigned long, std::shared_ptr<Session>)>, boost::asio::any_io_executor>::do_complete(void*, boost::asio::detail::scheduler_operation*, boost::system::error_code const&, unsigned long) (reactive_socket_recv_op.hpp:152)
==29430==    by 0x113D2D: boost::asio::detail::scheduler_operation::complete(void*, boost::system::error_code const&, unsigned long) (scheduler_operation.hpp:40)
==29430==    by 0x12BE96: boost::asio::detail::epoll_reactor::descriptor_state::do_complete(void*, boost::asio::detail::scheduler_operation*, boost::system::error_code const&, unsigned long) (epoll_reactor.ipp:815)
==29430==  Uninitialised value was created by a heap allocation
==29430==    at 0x4846FA3: operator new(unsigned long) (in /usr/libexec/valgrind/vgpreload_memcheck-amd64-linux.so)
==29430==    by 0x132E2B: std::__new_allocator<std::_Sp_counted_ptr_inplace<Msg_Node, std::allocator<void>, (__gnu_cxx::_Lock_policy)2> >::allocate(unsigned long, void const*) (new_allocator.h:151)
==29430==    by 0x13116B: allocate (alloc_traits.h:482)
==29430==    by 0x13116B: std::__allocated_ptr<std::allocator<std::_Sp_counted_ptr_inplace<Msg_Node, std::allocator<void>, (__gnu_cxx::_Lock_policy)2> > > std::__allocate_guarded<std::allocator<std::_Sp_counted_ptr_inplace<Msg_Node, std::allocator<void>, (__gnu_cxx::_Lock_policy)2> > >(std::allocator<std::_Sp_counted_ptr_inplace<Msg_Node, std::allocator<void>, (__gnu_cxx::_Lock_policy)2> >&) (allocated_ptr.h:98)
==29430==    by 0x1302E5: std::__shared_count<(__gnu_cxx::_Lock_policy)2>::__shared_count<Msg_Node, std::allocator<void>, int>(Msg_Node*&, std::_Sp_alloc_shared_tag<std::allocator<void> >, int&&) (shared_ptr_base.h:969)
==29430==    by 0x12F5E1: std::__shared_ptr<Msg_Node, (__gnu_cxx::_Lock_policy)2>::__shared_ptr<std::allocator<void>, int>(std::_Sp_alloc_shared_tag<std::allocator<void> >, int&&) (shared_ptr_base.h:1712)
==29430==    by 0x12EB66: std::shared_ptr<Msg_Node>::shared_ptr<std::allocator<void>, int>(std::_Sp_alloc_shared_tag<std::allocator<void> >, int&&) (shared_ptr.h:464)
==29430==    by 0x12DEB2: std::shared_ptr<std::enable_if<!std::is_array<Msg_Node>::value, Msg_Node>::type> std::make_shared<Msg_Node, int>(int&&) (shared_ptr.h:1010)
==29430==    by 0x12D517: Session::Session(boost::asio::io_context&, Server*) (session_v6.h:32)
==29430==    by 0x133BE6: void std::_Construct<Session, boost::asio::io_context&, Server*>(Session*, boost::asio::io_context&, Server*&&) (stl_construct.h:119)
==29430==    by 0x13165E: construct<Session, boost::asio::io_context&, Server*> (alloc_traits.h:661)
==29430==    by 0x13165E: std::_Sp_counted_ptr_inplace<Session, std::allocator<void>, (__gnu_cxx::_Lock_policy)2>::_Sp_counted_ptr_inplace<boost::asio::io_context&, Server*>(std::allocator<void>, boost::asio::io_context&, Server*&&) (shared_ptr_base.h:604)
==29430==    by 0x130787: std::__shared_count<(__gnu_cxx::_Lock_policy)2>::__shared_count<Session, std::allocator<void>, boost::asio::io_context&, Server*>(Session*&, std::_Sp_alloc_shared_tag<std::allocator<void> >, boost::asio::io_context&, Server*&&) (shared_ptr_base.h:971)
==29430==    by 0x12FC69: std::__shared_ptr<Session, (__gnu_cxx::_Lock_policy)2>::__shared_ptr<std::allocator<void>, boost::asio::io_context&, Server*>(std::_Sp_alloc_shared_tag<std::allocator<void> >, boost::asio::io_context&, Server*&&) (shared_ptr_base.h:1712)
==29430== 
==29430== Use of uninitialised value of size 8
==29430==    at 0x4852EE3: memmove (in /usr/libexec/valgrind/vgpreload_memcheck-amd64-linux.so)
==29430==    by 0x11B2E5: Session::handle_Read(boost::system::error_code const&, unsigned long, std::shared_ptr<Session>) (session_v6.cpp:85)
==29430==    by 0x1296EC: void std::__invoke_impl<void, void (Session::*&)(boost::system::error_code const&, unsigned long, std::shared_ptr<Session>), Session*&, boost::system::error_code const&, unsigned long const&, std::shared_ptr<Session>&>(std::__invoke_memfun_deref, void (Session::*&)(boost::system::error_code const&, unsigned long, std::shared_ptr<Session>), Session*&, boost::system::error_code const&, unsigned long const&, std::shared_ptr<Session>&) (invoke.h:74)
==29430==    by 0x1291A0: std::__invoke_result<void (Session::*&)(boost::system::error_code const&, unsigned long, std::shared_ptr<Session>), Session*&, boost::system::error_code const&, unsigned long const&, std::shared_ptr<Session>&>::type std::__invoke<void (Session::*&)(boost::system::error_code const&, unsigned long, std::shared_ptr<Session>), Session*&, boost::system::error_code const&, unsigned long const&, std::shared_ptr<Session>&>(void (Session::*&)(boost::system::error_code const&, unsigned long, std::shared_ptr<Session>), Session*&, boost::system::error_code const&, unsigned long const&, std::shared_ptr<Session>&) (invoke.h:96)
==29430==    by 0x128C36: void std::_Bind<void (Session::*(Session*, std::_Placeholder<1>, std::_Placeholder<2>, std::shared_ptr<Session>))(boost::system::error_code const&, unsigned long, std::shared_ptr<Session>)>::__call<void, boost::system::error_code const&, unsigned long const&, 0ul, 1ul, 2ul, 3ul>(std::tuple<boost::system::error_code const&, unsigned long const&>&&, std::_Index_tuple<0ul, 1ul, 2ul, 3ul>) (functional:506)
==29430==    by 0x128342: void std::_Bind<void (Session::*(Session*, std::_Placeholder<1>, std::_Placeholder<2>, std::shared_ptr<Session>))(boost::system::error_code const&, unsigned long, std::shared_ptr<Session>)>::operator()<boost::system::error_code const&, unsigned long const&, void>(boost::system::error_code const&, unsigned long const&) (functional:591)
==29430==    by 0x127D94: boost::asio::detail::binder2<std::_Bind<void (Session::*(Session*, std::_Placeholder<1>, std::_Placeholder<2>, std::shared_ptr<Session>))(boost::system::error_code const&, unsigned long, std::shared_ptr<Session>)>, boost::system::error_code, unsigned long>::operator()() (bind_handler.hpp:289)
==29430==    by 0x127718: void boost::asio::asio_handler_invoke<boost::asio::detail::binder2<std::_Bind<void (Session::*(Session*, std::_Placeholder<1>, std::_Placeholder<2>, std::shared_ptr<Session>))(boost::system::error_code const&, unsigned long, std::shared_ptr<Session>)>, boost::system::error_code, unsigned long> >(boost::asio::detail::binder2<std::_Bind<void (Session::*(Session*, std::_Placeholder<1>, std::_Placeholder<2>, std::shared_ptr<Session>))(boost::system::error_code const&, unsigned long, std::shared_ptr<Session>)>, boost::system::error_code, unsigned long>&, ...) (handler_invoke_hook.hpp:88)
==29430==    by 0x1272F7: void boost_asio_handler_invoke_helpers::invoke<boost::asio::detail::binder2<std::_Bind<void (Session::*(Session*, std::_Placeholder<1>, std::_Placeholder<2>, std::shared_ptr<Session>))(boost::system::error_code const&, unsigned long, std::shared_ptr<Session>)>, boost::system::error_code, unsigned long>, std::_Bind<void (Session::*(Session*, std::_Placeholder<1>, std::_Placeholder<2>, std::shared_ptr<Session>))(boost::system::error_code const&, unsigned long, std::shared_ptr<Session>)> >(boost::asio::detail::binder2<std::_Bind<void (Session::*(Session*, std::_Placeholder<1>, std::_Placeholder<2>, std::shared_ptr<Session>))(boost::system::error_code const&, unsigned long, std::shared_ptr<Session>)>, boost::system::error_code, unsigned long>&, std::_Bind<void (Session::*(Session*, std::_Placeholder<1>, std::_Placeholder<2>, std::shared_ptr<Session>))(boost::system::error_code const&, unsigned long, std::shared_ptr<Session>)>&) (handler_invoke_helpers.hpp:54)
==29430==    by 0x1269C5: void boost::asio::detail::handler_work<std::_Bind<void (Session::*(Session*, std::_Placeholder<1>, std::_Placeholder<2>, std::shared_ptr<Session>))(boost::system::error_code const&, unsigned long, std::shared_ptr<Session>)>, boost::asio::any_io_executor, void>::complete<boost::asio::detail::binder2<std::_Bind<void (Session::*(Session*, std::_Placeholder<1>, std::_Placeholder<2>, std::shared_ptr<Session>))(boost::system::error_code const&, unsigned long, std::shared_ptr<Session>)>, boost::system::error_code, unsigned long> >(boost::asio::detail::binder2<std::_Bind<void (Session::*(Session*, std::_Placeholder<1>, std::_Placeholder<2>, std::shared_ptr<Session>))(boost::system::error_code const&, unsigned long, std::shared_ptr<Session>)>, boost::system::error_code, unsigned long>&, std::_Bind<void (Session::*(Session*, std::_Placeholder<1>, std::_Placeholder<2>, std::shared_ptr<Session>))(boost::system::error_code const&, unsigned long, std::shared_ptr<Session>)>&) (handler_work.hpp:524)
==29430==    by 0x126004: boost::asio::detail::reactive_socket_recv_op<boost::asio::mutable_buffers_1, std::_Bind<void (Session::*(Session*, std::_Placeholder<1>, std::_Placeholder<2>, std::shared_ptr<Session>))(boost::system::error_code const&, unsigned long, std::shared_ptr<Session>)>, boost::asio::any_io_executor>::do_complete(void*, boost::asio::detail::scheduler_operation*, boost::system::error_code const&, unsigned long) (reactive_socket_recv_op.hpp:152)
==29430==    by 0x113D2D: boost::asio::detail::scheduler_operation::complete(void*, boost::system::error_code const&, unsigned long) (scheduler_operation.hpp:40)
==29430==  Uninitialised value was created by a heap allocation
==29430==    at 0x4846FA3: operator new(unsigned long) (in /usr/libexec/valgrind/vgpreload_memcheck-amd64-linux.so)
==29430==    by 0x126C57: std::__new_allocator<std::_Sp_counted_ptr_inplace<Recv_Node, std::allocator<void>, (__gnu_cxx::_Lock_policy)2> >::allocate(unsigned long, void const*) (new_allocator.h:151)
==29430==    by 0x124FC4: allocate (alloc_traits.h:482)
==29430==    by 0x124FC4: std::__allocated_ptr<std::allocator<std::_Sp_counted_ptr_inplace<Recv_Node, std::allocator<void>, (__gnu_cxx::_Lock_policy)2> > > std::__allocate_guarded<std::allocator<std::_Sp_counted_ptr_inplace<Recv_Node, std::allocator<void>, (__gnu_cxx::_Lock_policy)2> > >(std::allocator<std::_Sp_counted_ptr_inplace<Recv_Node, std::allocator<void>, (__gnu_cxx::_Lock_policy)2> >&) (allocated_ptr.h:98)
==29430==    by 0x123E5E: std::__shared_count<(__gnu_cxx::_Lock_policy)2>::__shared_count<Recv_Node, std::allocator<void>, short&, short&>(Recv_Node*&, std::_Sp_alloc_shared_tag<std::allocator<void> >, short&, short&) (shared_ptr_base.h:969)
==29430==    by 0x1221AF: std::__shared_ptr<Recv_Node, (__gnu_cxx::_Lock_policy)2>::__shared_ptr<std::allocator<void>, short&, short&>(std::_Sp_alloc_shared_tag<std::allocator<void> >, short&, short&) (shared_ptr_base.h:1712)
==29430==    by 0x120C42: std::shared_ptr<Recv_Node>::shared_ptr<std::allocator<void>, short&, short&>(std::_Sp_alloc_shared_tag<std::allocator<void> >, short&, short&) (shared_ptr.h:464)
==29430==    by 0x120115: std::shared_ptr<std::enable_if<!std::is_array<Recv_Node>::value, Recv_Node>::type> std::make_shared<Recv_Node, short&, short&>(short&, short&) (shared_ptr.h:1010)
==29430==    by 0x11B08F: Session::handle_Read(boost::system::error_code const&, unsigned long, std::shared_ptr<Session>) (session_v6.cpp:67)
==29430==    by 0x1296EC: void std::__invoke_impl<void, void (Session::*&)(boost::system::error_code const&, unsigned long, std::shared_ptr<Session>), Session*&, boost::system::error_code const&, unsigned long const&, std::shared_ptr<Session>&>(std::__invoke_memfun_deref, void (Session::*&)(boost::system::error_code const&, unsigned long, std::shared_ptr<Session>), Session*&, boost::system::error_code const&, unsigned long const&, std::shared_ptr<Session>&) (invoke.h:74)
==29430==    by 0x1291A0: std::__invoke_result<void (Session::*&)(boost::system::error_code const&, unsigned long, std::shared_ptr<Session>), Session*&, boost::system::error_code const&, unsigned long const&, std::shared_ptr<Session>&>::type std::__invoke<void (Session::*&)(boost::system::error_code const&, unsigned long, std::shared_ptr<Session>), Session*&, boost::system::error_code const&, unsigned long const&, std::shared_ptr<Session>&>(void (Session::*&)(boost::system::error_code const&, unsigned long, std::shared_ptr<Session>), Session*&, boost::system::error_code const&, unsigned long const&, std::shared_ptr<Session>&) (invoke.h:96)
==29430==    by 0x128C36: void std::_Bind<void (Session::*(Session*, std::_Placeholder<1>, std::_Placeholder<2>, std::shared_ptr<Session>))(boost::system::error_code const&, unsigned long, std::shared_ptr<Session>)>::__call<void, boost::system::error_code const&, unsigned long const&, 0ul, 1ul, 2ul, 3ul>(std::tuple<boost::system::error_code const&, unsigned long const&>&&, std::_Index_tuple<0ul, 1ul, 2ul, 3ul>) (functional:506)
==29430==    by 0x128342: void std::_Bind<void (Session::*(Session*, std::_Placeholder<1>, std::_Placeholder<2>, std::shared_ptr<Session>))(boost::system::error_code const&, unsigned long, std::shared_ptr<Session>)>::operator()<boost::system::error_code const&, unsigned long const&, void>(boost::system::error_code const&, unsigned long const&) (functional:591)
==29430== 
==29430== 
==29430== Process terminating with default action of signal 2 (SIGINT)
==29430==    at 0x4C74037: epoll_wait (epoll_wait.c:30)
==29430==    by 0x115716: boost::asio::detail::epoll_reactor::run(long, boost::asio::detail::op_queue<boost::asio::detail::scheduler_operation>&) (epoll_reactor.ipp:510)
==29430==    by 0x116CC2: boost::asio::detail::scheduler::do_run_one(boost::asio::detail::conditionally_enabled_mutex::scoped_lock&, boost::asio::detail::scheduler_thread_info&, boost::system::error_code const&) (scheduler.ipp:477)
==29430==    by 0x116870: boost::asio::detail::scheduler::run(boost::system::error_code&) (scheduler.ipp:210)
==29430==    by 0x117174: boost::asio::io_context::run() (io_context.ipp:64)
==29430==    by 0x110263: main (main.cpp:7)
==29430== 
==29430== HEAP SUMMARY:
==29430==     in use at exit: 79,402 bytes in 17 blocks
==29430==   total heap usage: 1,167 allocs, 1,150 frees, 166,208 bytes allocated
==29430== 
==29430== LEAK SUMMARY:
==29430==    definitely lost: 0 bytes in 0 blocks
==29430==    indirectly lost: 0 bytes in 0 blocks
==29430==      possibly lost: 0 bytes in 0 blocks
==29430==    still reachable: 79,402 bytes in 17 blocks
==29430==         suppressed: 0 bytes in 0 blocks
==29430== Reachable blocks (those to which a pointer was found) are not shown.
==29430== To see them, rerun with: --leak-check=full --show-leak-kinds=all
==29430== 
==29430== For lists of detected and suppressed errors, rerun with: -s
==29430== ERROR SUMMARY: 368 errors from 24 contexts (suppressed: 0 from 0)
